name,election_name,statement
Dylan Roy,Track One Engineering Representative,"Lorem Ipsum is simply dummy text of the printing and typesetting industry. Lorem Ipsum has been the industry's standard dummy text ever since the 1500s, when an unknown printer took a galley of type and scrambled it to make a type specimen book. It has survived not only five centuries, but also the leap into electronic typesetting, remaining essentially unchanged."
Alexis Mcfarland,1st Year Chemical Engineering Representative,It was popularised in the 1960s with the release of Letraset sheets
Gilbert Mcguire,1st Year Chemical Engineering Representative,It is a long established fact that a reader will be distracted by the readable content of a page when looking at its layout. it look like readable English. Many desktop publishing packages and web page editors now use Lore
Tanya Murray,1st Year Civil Engineering Representative,"There are many variations of passages of Lorem Ipsum available, but the majority have suffered alteration in some form, by injected humour, or randomised words. All the Lorem Ipsum generators on the Internet tend to repeat predefined chunks as necessary, making this the first true generator on the Internet."
Devan Mayo,1st Year Civil Engineering Representative,It uses a dictionary of over 200 Latin words
Gretchen Klein,1st Year Civil Engineering Representative,The standard chunk of Lorem Ipsum used since the 1500s is reproduced below for those interested.
Ayla Choi,1st Year Electrical & Computer Engineering Representative,"Lorem Ipsum is simply dummy text of the printing and typesetting industry. Lorem Ipsum has been the industry's standard dummy text ever since the 1500s, when an unknown printer took a galley of type and scrambled it to make a type specimen book. It has survived not only five centuries, but also the leap into electronic typesetting, remaining essentially unchanged."
Darnell Franco,1st Year Electrical & Computer Engineering Representative,It was popularised in the 1960s with the release of Letraset sheets
Gabriel Lara,1st Year Electrical & Computer Engineering Representative,It is a long established fact that a reader will be distracted by the readable content of a page when looking at its layout. it look like readable English. Many desktop publishing packages and web page editors now use Lore
Roger Warner,1st Year Electrical & Computer Engineering Representative,"There are many variations of passages of Lorem Ipsum available, but the majority have suffered alteration in some form, by injected humour, or randomised words. All the Lorem Ipsum generators on the Internet tend to repeat predefined chunks as necessary, making this the first true generator on the Internet."
Ruth Fitzpatrick,1st Year Engineering Science Representative,It uses a dictionary of over 200 Latin words
Javion Dodson,1st Year Industrial Engineering Representative,The standard chunk of Lorem Ipsum used since the 1500s is reproduced below for those interested.
Tiffany Li,1st Year Industrial Engineering Representative,"Lorem Ipsum is simply dummy text of the printing and typesetting industry. Lorem Ipsum has been the industry's standard dummy text ever since the 1500s, when an unknown printer took a galley of type and scrambled it to make a type specimen book. It has survived not only five centuries, but also the leap into electronic typesetting, remaining essentially unchanged."
Fabian Sanford,1st Year Mineral Engineering Representative,It was popularised in the 1960s with the release of Letraset sheets
Livia Hunter,1st Year Mineral Engineering Representative,It is a long established fact that a reader will be distracted by the readable content of a page when looking at its layout. it look like readable English. Many desktop publishing packages and web page editors now use Lore
Kendra Estes,1st Year Mineral Engineering Representative,"There are many variations of passages of Lorem Ipsum available, but the majority have suffered alteration in some form, by injected humour, or randomised words. All the Lorem Ipsum generators on the Internet tend to repeat predefined chunks as necessary, making this the first true generator on the Internet."
Darius Marsh,1st Year Mechanical Engineering Representative,It uses a dictionary of over 200 Latin words
Yasmine Harmon,1st Year Mechanical Engineering Representative,The standard chunk of Lorem Ipsum used since the 1500s is reproduced below for those interested.
Amara Sheppard,1st Year Mechanical Engineering Representative,"Lorem Ipsum is simply dummy text of the printing and typesetting industry. Lorem Ipsum has been the industry's standard dummy text ever since the 1500s, when an unknown printer took a galley of type and scrambled it to make a type specimen book. It has survived not only five centuries, but also the leap into electronic typesetting, remaining essentially unchanged."
Karlee Zamora,1st Year Mechanical Engineering Representative,It was popularised in the 1960s with the release of Letraset sheets
Javier Hurley,1st Year Materials Science Engineering Representative,It is a long established fact that a reader will be distracted by the readable content of a page when looking at its layout. it look like readable English. Many desktop publishing packages and web page editors now use Lore
Adriana Booth,2nd Year Chemical Engineering Representative,"There are many variations of passages of Lorem Ipsum available, but the majority have suffered alteration in some form, by injected humour, or randomised words. All the Lorem Ipsum generators on the Internet tend to repeat predefined chunks as necessary, making this the first true generator on the Internet."
Marie Nicholson,2nd Year Chemical Engineering Representative,It uses a dictionary of over 200 Latin words
Isabel Pruitt,2nd Year Civil Engineering Representative,The standard chunk of Lorem Ipsum used since the 1500s is reproduced below for those interested.
Amari Tyler,2nd Year Civil Engineering Representative,"Lorem Ipsum is simply dummy text of the printing and typesetting industry. Lorem Ipsum has been the industry's standard dummy text ever since the 1500s, when an unknown printer took a galley of type and scrambled it to make a type specimen book. It has survived not only five centuries, but also the leap into electronic typesetting, remaining essentially unchanged."
Annabella Farrell,2nd Year Civil Engineering Representative,It was popularised in the 1960s with the release of Letraset sheets
Haiden Kerr,2nd Year Electrical & Computer Engineering Representative,It is a long established fact that a reader will be distracted by the readable content of a page when looking at its layout. it look like readable English. Many desktop publishing packages and web page editors now use Lore
Catalina Washington,2nd Year Electrical & Computer Engineering Representative,"There are many variations of passages of Lorem Ipsum available, but the majority have suffered alteration in some form, by injected humour, or randomised words. All the Lorem Ipsum generators on the Internet tend to repeat predefined chunks as necessary, making this the first true generator on the Internet."
Seamus Delgado,2nd Year Electrical & Computer Engineering Representative,It uses a dictionary of over 200 Latin words
Cheyanne Phelps,2nd Year Electrical & Computer Engineering Representative,The standard chunk of Lorem Ipsum used since the 1500s is reproduced below for those interested.
Paxton Baird,2nd Year Engineering Science Representative,"Lorem Ipsum is simply dummy text of the printing and typesetting industry. Lorem Ipsum has been the industry's standard dummy text ever since the 1500s, when an unknown printer took a galley of type and scrambled it to make a type specimen book. It has survived not only five centuries, but also the leap into electronic typesetting, remaining essentially unchanged."
Addyson Ballard,2nd Year Industrial Engineering Representative,It was popularised in the 1960s with the release of Letraset sheets
Nina French,2nd Year Industrial Engineering Representative,It is a long established fact that a reader will be distracted by the readable content of a page when looking at its layout. it look like readable English. Many desktop publishing packages and web page editors now use Lore
Josephine Molina,2nd Year Mineral Engineering Representative,"There are many variations of passages of Lorem Ipsum available, but the majority have suffered alteration in some form, by injected humour, or randomised words. All the Lorem Ipsum generators on the Internet tend to repeat predefined chunks as necessary, making this the first true generator on the Internet."
Jared Kelley,2nd Year Mineral Engineering Representative,It uses a dictionary of over 200 Latin words
Skyler Hale,2nd Year Mineral Engineering Representative,The standard chunk of Lorem Ipsum used since the 1500s is reproduced below for those interested.
Dayton Lucas,2nd Year Mechanical Engineering Representative,"Lorem Ipsum is simply dummy text of the printing and typesetting industry. Lorem Ipsum has been the industry's standard dummy text ever since the 1500s, when an unknown printer took a galley of type and scrambled it to make a type specimen book. It has survived not only five centuries, but also the leap into electronic typesetting, remaining essentially unchanged."
Dominic Palmer,2nd Year Mechanical Engineering Representative,It was popularised in the 1960s with the release of Letraset sheets
Devan Park,2nd Year Mechanical Engineering Representative,It is a long established fact that a reader will be distracted by the readable content of a page when looking at its layout. it look like readable English. Many desktop publishing packages and web page editors now use Lore
Zayden Odom,2nd Year Mechanical Engineering Representative,"There are many variations of passages of Lorem Ipsum available, but the majority have suffered alteration in some form, by injected humour, or randomised words. All the Lorem Ipsum generators on the Internet tend to repeat predefined chunks as necessary, making this the first true generator on the Internet."
Peyton Henry,2nd Year Materials Science Engineering Representative,It uses a dictionary of over 200 Latin words
Jaydin Flores,3rd Year Chemical Engineering Representative,The standard chunk of Lorem Ipsum used since the 1500s is reproduced below for those interested.
Jaelynn Garza,3rd Year Chemical Engineering Representative,"Lorem Ipsum is simply dummy text of the printing and typesetting industry. Lorem Ipsum has been the industry's standard dummy text ever since the 1500s, when an unknown printer took a galley of type and scrambled it to make a type specimen book. It has survived not only five centuries, but also the leap into electronic typesetting, remaining essentially unchanged."
Lawrence Faulkner,3rd Year Civil Engineering Representative,It was popularised in the 1960s with the release of Letraset sheets
Nikolai Oneal,3rd Year Civil Engineering Representative,It is a long established fact that a reader will be distracted by the readable content of a page when looking at its layout. it look like readable English. Many desktop publishing packages and web page editors now use Lore
Gemma Ali,3rd Year Civil Engineering Representative,"There are many variations of passages of Lorem Ipsum available, but the majority have suffered alteration in some form, by injected humour, or randomised words. All the Lorem Ipsum generators on the Internet tend to repeat predefined chunks as necessary, making this the first true generator on the Internet."
Uriel Mcbride,3rd Year Electrical & Computer Engineering Representative,It uses a dictionary of over 200 Latin words
Paxton Cameron,3rd Year Electrical & Computer Engineering Representative,The standard chunk of Lorem Ipsum used since the 1500s is reproduced below for those interested.
Casey Paul,3rd Year Electrical & Computer Engineering Representative,"Lorem Ipsum is simply dummy text of the printing and typesetting industry. Lorem Ipsum has been the industry's standard dummy text ever since the 1500s, when an unknown printer took a galley of type and scrambled it to make a type specimen book. It has survived not only five centuries, but also the leap into electronic typesetting, remaining essentially unchanged."
Lilian Sheppard,3rd Year Electrical & Computer Engineering Representative,It was popularised in the 1960s with the release of Letraset sheets
Lane Carrillo,3rd Year Engineering Science Representative,It is a long established fact that a reader will be distracted by the readable content of a page when looking at its layout. it look like readable English. Many desktop publishing packages and web page editors now use Lore
Raven Andrade,3rd Year Industrial Engineering Representative,"There are many variations of passages of Lorem Ipsum available, but the majority have suffered alteration in some form, by injected humour, or randomised words. All the Lorem Ipsum generators on the Internet tend to repeat predefined chunks as necessary, making this the first true generator on the Internet."
Libby Chandler,3rd Year Industrial Engineering Representative,It uses a dictionary of over 200 Latin words
Natasha Munoz,3rd Year Mineral Engineering Representative,The standard chunk of Lorem Ipsum used since the 1500s is reproduced below for those interested.
Graham Burch,3rd Year Mineral Engineering Representative,"Lorem Ipsum is simply dummy text of the printing and typesetting industry. Lorem Ipsum has been the industry's standard dummy text ever since the 1500s, when an unknown printer took a galley of type and scrambled it to make a type specimen book. It has survived not only five centuries, but also the leap into electronic typesetting, remaining essentially unchanged."
Jayda Mack,3rd Year Mineral Engineering Representative,It was popularised in the 1960s with the release of Letraset sheets
Trace Giles,3rd Year Mechanical Engineering Representative,It is a long established fact that a reader will be distracted by the readable content of a page when looking at its layout. it look like readable English. Many desktop publishing packages and web page editors now use Lore
Diego Cunningham,3rd Year Mechanical Engineering Representative,"There are many variations of passages of Lorem Ipsum available, but the majority have suffered alteration in some form, by injected humour, or randomised words. All the Lorem Ipsum generators on the Internet tend to repeat predefined chunks as necessary, making this the first true generator on the Internet."
Gabriella Floyd,3rd Year Mechanical Engineering Representative,It uses a dictionary of over 200 Latin words
Simone Ibarra,3rd Year Mechanical Engineering Representative,The standard chunk of Lorem Ipsum used since the 1500s is reproduced below for those interested.
Geovanni Schaefer,3rd Year Materials Science Engineering Representative,"Lorem Ipsum is simply dummy text of the printing and typesetting industry. Lorem Ipsum has been the industry's standard dummy text ever since the 1500s, when an unknown printer took a galley of type and scrambled it to make a type specimen book. It has survived not only five centuries, but also the leap into electronic typesetting, remaining essentially unchanged."
Rylee Frye,PEY Chemical Engineering Representative,It was popularised in the 1960s with the release of Letraset sheets
Osvaldo Green,PEY Chemical Engineering Representative,It is a long established fact that a reader will be distracted by the readable content of a page when looking at its layout. it look like readable English. Many desktop publishing packages and web page editors now use Lore
Carmen Mejia,PEY Civil Engineering Representative,"There are many variations of passages of Lorem Ipsum available, but the majority have suffered alteration in some form, by injected humour, or randomised words. All the Lorem Ipsum generators on the Internet tend to repeat predefined chunks as necessary, making this the first true generator on the Internet."
Sage Massey,PEY Civil Engineering Representative,It uses a dictionary of over 200 Latin words
Rowan Allen,PEY Civil Engineering Representative,The standard chunk of Lorem Ipsum used since the 1500s is reproduced below for those interested.
Athena Cannon,PEY Electrical & Computer Engineering Representative,"Lorem Ipsum is simply dummy text of the printing and typesetting industry. Lorem Ipsum has been the industry's standard dummy text ever since the 1500s, when an unknown printer took a galley of type and scrambled it to make a type specimen book. It has survived not only five centuries, but also the leap into electronic typesetting, remaining essentially unchanged."
Aylin Abbott,PEY Electrical & Computer Engineering Representative,It was popularised in the 1960s with the release of Letraset sheets
Lyric Williams,PEY Electrical & Computer Engineering Representative,It is a long established fact that a reader will be distracted by the readable content of a page when looking at its layout. it look like readable English. Many desktop publishing packages and web page editors now use Lore
Milton Levine,PEY Electrical & Computer Engineering Representative,"There are many variations of passages of Lorem Ipsum available, but the majority have suffered alteration in some form, by injected humour, or randomised words. All the Lorem Ipsum generators on the Internet tend to repeat predefined chunks as necessary, making this the first true generator on the Internet."
Giovanni Price,PEY Engineering Science Representative,It uses a dictionary of over 200 Latin words
Koen Larson,PEY Industrial Engineering Representative,The standard chunk of Lorem Ipsum used since the 1500s is reproduced below for those interested.
Carmelo Mckinney,PEY Industrial Engineering Representative,"Lorem Ipsum is simply dummy text of the printing and typesetting industry. Lorem Ipsum has been the industry's standard dummy text ever since the 1500s, when an unknown printer took a galley of type and scrambled it to make a type specimen book. It has survived not only five centuries, but also the leap into electronic typesetting, remaining essentially unchanged."
Keira Benjamin,PEY Mineral Engineering Representative,It was popularised in the 1960s with the release of Letraset sheets
Griffin Evans,PEY Mineral Engineering Representative,It is a long established fact that a reader will be distracted by the readable content of a page when looking at its layout. it look like readable English. Many desktop publishing packages and web page editors now use Lore
Damon Ewing,PEY Mineral Engineering Representative,"There are many variations of passages of Lorem Ipsum available, but the majority have suffered alteration in some form, by injected humour, or randomised words. All the Lorem Ipsum generators on the Internet tend to repeat predefined chunks as necessary, making this the first true generator on the Internet."
Ethen Day,PEY Mechanical Engineering Representative,It uses a dictionary of over 200 Latin words
Kadence Roth,PEY Mechanical Engineering Representative,The standard chunk of Lorem Ipsum used since the 1500s is reproduced below for those interested.
Landen English,PEY Mechanical Engineering Representative,"Lorem Ipsum is simply dummy text of the printing and typesetting industry. Lorem Ipsum has been the industry's standard dummy text ever since the 1500s, when an unknown printer took a galley of type and scrambled it to make a type specimen book. It has survived not only five centuries, but also the leap into electronic typesetting, remaining essentially unchanged."
Rayne Griffith,PEY Mechanical Engineering Representative,It was popularised in the 1960s with the release of Letraset sheets
Gerald Charles,PEY Materials Science Engineering Representative,It is a long established fact that a reader will be distracted by the readable content of a page when looking at its layout. it look like readable English. Many desktop publishing packages and web page editors now use Lore
Nataly Harris,4th Year Chemical Engineering Representative,"There are many variations of passages of Lorem Ipsum available, but the majority have suffered alteration in some form, by injected humour, or randomised words. All the Lorem Ipsum generators on the Internet tend to repeat predefined chunks as necessary, making this the first true generator on the Internet."
Jaidyn Moses,4th Year Chemical Engineering Representative,It uses a dictionary of over 200 Latin words
Chandler Fields,4th Year Civil Engineering Representative,The standard chunk of Lorem Ipsum used since the 1500s is reproduced below for those interested.
Antonio Middleton,4th Year Civil Engineering Representative,"Lorem Ipsum is simply dummy text of the printing and typesetting industry. Lorem Ipsum has been the industry's standard dummy text ever since the 1500s, when an unknown printer took a galley of type and scrambled it to make a type specimen book. It has survived not only five centuries, but also the leap into electronic typesetting, remaining essentially unchanged."
Rylie Mccarthy,4th Year Civil Engineering Representative,It was popularised in the 1960s with the release of Letraset sheets
Willie Rios,4th Year Electrical & Computer Engineering Representative,It is a long established fact that a reader will be distracted by the readable content of a page when looking at its layout. it look like readable English. Many desktop publishing packages and web page editors now use Lore
Allisson Pineda,4th Year Electrical & Computer Engineering Representative,"There are many variations of passages of Lorem Ipsum available, but the majority have suffered alteration in some form, by injected humour, or randomised words. All the Lorem Ipsum generators on the Internet tend to repeat predefined chunks as necessary, making this the first true generator on the Internet."
UTAT Special Levy,4th Year Electrical & Computer Engineering Representative,It uses a dictionary of over 200 Latin words
Adrien Kim,4th Year Electrical & Computer Engineering Representative,The standard chunk of Lorem Ipsum used since the 1500s is reproduced below for those interested.
Ishaan Levy,4th Year Engineering Science Representative,"Lorem Ipsum is simply dummy text of the printing and typesetting industry. Lorem Ipsum has been the industry's standard dummy text ever since the 1500s, when an unknown printer took a galley of type and scrambled it to make a type specimen book. It has survived not only five centuries, but also the leap into electronic typesetting, remaining essentially unchanged."
Nehemiah Faulkner,4th Year Industrial Engineering Representative,It was popularised in the 1960s with the release of Letraset sheets
Marianna Anderson,4th Year Industrial Engineering Representative,It is a long established fact that a reader will be distracted by the readable content of a page when looking at its layout. it look like readable English. Many desktop publishing packages and web page editors now use Lore
Talon Pena,4th Year Mineral Engineering Representative,"There are many variations of passages of Lorem Ipsum available, but the majority have suffered alteration in some form, by injected humour, or randomised words. All the Lorem Ipsum generators on the Internet tend to repeat predefined chunks as necessary, making this the first true generator on the Internet."
Pamela Mcclure,4th Year Mineral Engineering Representative,It uses a dictionary of over 200 Latin words
Priscilla George,4th Year Mineral Engineering Representative,The standard chunk of Lorem Ipsum used since the 1500s is reproduced below for those interested.
Emilio Boyer,4th Year Mechanical Engineering Representative,"Lorem Ipsum is simply dummy text of the printing and typesetting industry. Lorem Ipsum has been the industry's standard dummy text ever since the 1500s, when an unknown printer took a galley of type and scrambled it to make a type specimen book. It has survived not only five centuries, but also the leap into electronic typesetting, remaining essentially unchanged."
Gavyn Orozco,4th Year Mechanical Engineering Representative,It was popularised in the 1960s with the release of Letraset sheets
Caroline Fuller,4th Year Mechanical Engineering Representative,It is a long established fact that a reader will be distracted by the readable content of a page when looking at its layout. it look like readable English. Many desktop publishing packages and web page editors now use Lore
Kira Caldwell,4th Year Mechanical Engineering Representative,"There are many variations of passages of Lorem Ipsum available, but the majority have suffered alteration in some form, by injected humour, or randomised words. All the Lorem Ipsum generators on the Internet tend to repeat predefined chunks as necessary, making this the first true generator on the Internet."
Jazlyn Elliott,4th Year Materials Science Engineering Representative,It uses a dictionary of over 200 Latin words
Alma Fischer,1st Year Chair,The standard chunk of Lorem Ipsum used since the 1500s is reproduced below for those interested.
Amiyah Francis,1st Year Chair,"Lorem Ipsum is simply dummy text of the printing and typesetting industry. Lorem Ipsum has been the industry's standard dummy text ever since the 1500s, when an unknown printer took a galley of type and scrambled it to make a type specimen book. It has survived not only five centuries, but also the leap into electronic typesetting, remaining essentially unchanged."
Annabella Woodard,2nd Year Chair,It was popularised in the 1960s with the release of Letraset sheets
Sadie Wilkinson,2nd Year Chair,It is a long established fact that a reader will be distracted by the readable content of a page when looking at its layout. it look like readable English. Many desktop publishing packages and web page editors now use Lore
Jaquan Alvarado,2nd Year Chair,"There are many variations of passages of Lorem Ipsum available, but the majority have suffered alteration in some form, by injected humour, or randomised words. All the Lorem Ipsum generators on the Internet tend to repeat predefined chunks as necessary, making this the first true generator on the Internet."
Malachi Miller,3rd Year Chair,It uses a dictionary of over 200 Latin words
Addisyn Snyder,3rd Year Chair,The standard chunk of Lorem Ipsum used since the 1500s is reproduced below for those interested.
Makai Kirby,3rd Year Chair,"Lorem Ipsum is simply dummy text of the printing and typesetting industry. Lorem Ipsum has been the industry's standard dummy text ever since the 1500s, when an unknown printer took a galley of type and scrambled it to make a type specimen book. It has survived not only five centuries, but also the leap into electronic typesetting, remaining essentially unchanged."
Yandel Obrien,3rd Year Chair,It was popularised in the 1960s with the release of Letraset sheets
Veronica Cooke,4th Year Chair,It is a long established fact that a reader will be distracted by the readable content of a page when looking at its layout. it look like readable English. Many desktop publishing packages and web page editors now use Lore
Davin Edwards,Electrical and Computer Club Chair,"There are many variations of passages of Lorem Ipsum available, but the majority have suffered alteration in some form, by injected humour, or randomised words. All the Lorem Ipsum generators on the Internet tend to repeat predefined chunks as necessary, making this the first true generator on the Internet."
Oscar Robbins,Electrical and Computer Club Chair,It uses a dictionary of over 200 Latin words
Samara Escobar,Electrical and Computer Club Chair,The standard chunk of Lorem Ipsum used since the 1500s is reproduced below for those interested.
Ellie Boyer,Electrical and Computer Club Chair,"Lorem Ipsum is simply dummy text of the printing and typesetting industry. Lorem Ipsum has been the industry's standard dummy text ever since the 1500s, when an unknown printer took a galley of type and scrambled it to make a type specimen book. It has survived not only five centuries, but also the leap into electronic typesetting, remaining essentially unchanged."
Lindsey Thornton,Engineering Science Club Chair,It was popularised in the 1960s with the release of Letraset sheets
Diya Solomon,Engineering Science Club Chair,It is a long established fact that a reader will be distracted by the readable content of a page when looking at its layout. it look like readable English. Many desktop publishing packages and web page editors now use Lore
Taylor Wallace,Engineering Science Club Chair,"There are many variations of passages of Lorem Ipsum available, but the majority have suffered alteration in some form, by injected humour, or randomised words. All the Lorem Ipsum generators on the Internet tend to repeat predefined chunks as necessary, making this the first true generator on the Internet."
Jayvion Silva,Engineering Science Club Chair,It uses a dictionary of over 200 Latin words
Anabella Edwards,Part Time Student Chair,The standard chunk of Lorem Ipsum used since the 1500s is reproduced below for those interested.
UTAT Special Levy,UTAT Special Levy,"Lorem Ipsum is simply dummy text of the printing and typesetting industry. Lorem Ipsum has been the industry's standard dummy text ever since the 1500s, when an unknown printer took a galley of type and scrambled it to make a type specimen book. It has survived not only five centuries, but also the leap into electronic typesetting, remaining essentially unchanged."
Aryana Vazquez,SUDS Manager,It was popularised in the 1960s with the release of Letraset sheets
Leia Liu,SUDS Manager,It is a long established fact that a reader will be distracted by the readable content of a page when looking at its layout. it look like readable English. Many desktop publishing packages and web page editors now use Lore
Judith Liu,SUDS Manager,"Ut at posuere justo. Proin eleifend sapien non ex rutrum sollicitudin. Sed sit amet placerat nisl. Proin vitae libero velit. Nullam euismod finibus lectus a elementum. Ut bibendum, tortor eu vestibulum ornare, tellus massa suscipit metus, sit amet lobortis nisi sem in ipsum. Donec porttitor elit sed purus cursus, et mattis nibh lobortis. Etiam tempus, augue eu varius ullamcorper, nunc tortor hendrerit urna, vitae dignissim augue ex quis purus. Maecenas nunc augue, ornare ac tellus ac, consequat convallis ante. Vivamus at tincidunt felis. Fusce ac malesuada diam. Praesent accumsan convallis metus a tincidunt. Proin et turpis lacus. Pellentesque feugiat nunc vel congue aliquam. Phasellus eget scelerisque est."
Geovanni Adkins,SUDS Manager,It uses a dictionary of over 200 Latin words
Kimora Cameron,SUDS Manager,The standard chunk of Lorem Ipsum used since the 1500s is reproduced below for those interested.
Frank Gill,President,"Lorem Ipsum is simply dummy text of the printing and typesetting industry. Lorem Ipsum has been the industry's standard dummy text ever since the 1500s, when an unknown printer took a galley of type and scrambled it to make a type specimen book. It has survived not only five centuries, but also the leap into electronic typesetting, remaining essentially unchanged."
Humberto Chavez,President,It was popularised in the 1960s with the release of Letraset sheets
Luciano Russell,President,It is a long established fact that a reader will be distracted by the readable content of a page when looking at its layout. it look like readable English. Many desktop publishing packages and web page editors now use Lore
Orion Huynh,President,"Ut at posuere justo. Proin eleifend sapien non ex rutrum sollicitudin. Sed sit amet placerat nisl. Proin vitae libero velit. Nullam euismod finibus lectus a elementum. Ut bibendum, tortor eu vestibulum ornare, tellus massa suscipit metus, sit amet lobortis nisi sem in ipsum. Donec porttitor elit sed purus cursus, et mattis nibh lobortis. Etiam tempus, augue eu varius ullamcorper, nunc tortor hendrerit urna, vitae dignissim augue ex quis purus. Maecenas nunc augue, ornare ac tellus ac, consequat convallis ante. Vivamus at tincidunt felis. Fusce ac malesuada diam. Praesent accumsan convallis metus a tincidunt. Proin et turpis lacus. Pellentesque feugiat nunc vel congue aliquam. Phasellus eget scelerisque est."
Ryan Tanner,President,It uses a dictionary of over 200 Latin words
Anne Cherry,VP Student Life,"Ut at posuere justo. Proin eleifend sapien non ex rutrum sollicitudin. Sed sit amet placerat nisl. Proin vitae libero velit. Nullam euismod finibus lectus a elementum. Ut bibendum, tortor eu vestibulum ornare, tellus massa suscipit metus, sit amet lobortis nisi sem in ipsum. Donec porttitor elit sed purus cursus, et mattis nibh lobortis. Etiam tempus, augue eu varius ullamcorper, nunc tortor hendrerit urna, vitae dignissim augue ex quis purus. Maecenas nunc augue, ornare ac tellus ac, consequat convallis ante. Vivamus at tincidunt felis. Fusce ac malesuada diam. Praesent accumsan convallis metus a tincidunt. Proin et turpis lacus. Pellentesque feugiat nunc vel congue aliquam. Phasellus eget scelerisque est."
Isabella Potts,VP Student Life,"Lorem Ipsum is simply dummy text of the printing and typesetting industry. Lorem Ipsum has been the industry's standard dummy text ever since the 1500s, when an unknown printer took a galley of type and scrambled it to make a type specimen book. It has survived not only five centuries, but also the leap into electronic typesetting, remaining essentially unchanged."
Gia Price,VP Student Life,It was popularised in the 1960s with the release of Letraset sheets
Cruz Meadows,VP Student Life,It is a long established fact that a reader will be distracted by the readable content of a page when looking at its layout. it look like readable English. Many desktop publishing packages and web page editors now use Lore
Lisa Li,Engineering Science Board Rep,"Lorem Ipsum is simply dummy text of the printing and typesetting industry. Lorem Ipsum has been the industry's standard dummy text ever since the 1500s, when an unknown printer took a galley of type and scrambled it to make a type specimen book. It has survived not only five centuries, but also the leap into electronic typesetting, remaining essentially unchanged."
Alex Bogdan,Engineering Science Board Rep,It was popularised in the 1960s with the release of Letraset sheets
Armin Ale,At Large Board Rep,It is a long established fact that a reader will be distracted by the readable content of a page when looking at its layout. it look like readable English. Many desktop publishing packages and web page editors now use Lore
Zahir Firoze,At Large Board Rep,"There are many variations of passages of Lorem Ipsum available, but the majority have suffered alteration in some form, by injected humour, or randomised words. All the Lorem Ipsum generators on the Internet tend to repeat predefined chunks as necessary, making this the first true generator on the Internet."