[
   {
      "model":"backend.electionsession",
      "pk":2,
      "fields":{
         "election_session_name":"Spring 2021 Officer Elections",
         "start_time":"2021-05-16T15:45:08Z",
         "end_time":"2021-06-11T15:45:09Z",
         "created_at":"2021-05-16T15:45:09.606Z",
         "updated_at":"2021-05-16T15:45:09.606Z"
      }
   },
   {
      "model":"backend.electionsession",
      "pk":3,
      "fields":{
         "election_session_name":"Summer 2021",
         "start_time":"2021-05-16T15:45:37Z",
         "end_time":"2021-08-18T15:45:38Z",
         "created_at":"2021-05-16T15:45:38.337Z",
         "updated_at":"2021-05-16T15:45:38.337Z"
      }
   },
   {
      "model":"backend.election",
      "pk":2,
      "fields":{
         "election_name":"VP Academic",
         "election_session":2,
         "seats_available":1,
         "category":"officer",
         "created_at":"2021-05-16T15:46:57.394Z",
         "updated_at":"2021-05-16T15:46:57.394Z"
      }
   },
   {
      "model":"backend.election",
      "pk":3,
      "fields":{
         "election_name":"President",
         "election_session":2,
         "seats_available":1,
         "category":"officer",
         "created_at":"2021-05-16T15:47:17.437Z",
         "updated_at":"2021-05-16T15:47:17.437Z"
      }
   },
   {
      "model":"backend.election",
      "pk":4,
      "fields":{
         "election_name":"Blue Sky Solar Racing Levy",
         "election_session":3,
         "seats_available":1,
         "category":"referenda",
         "created_at":"2021-05-16T15:48:01.579Z",
         "updated_at":"2021-05-16T15:48:01.579Z"
      }
   },
   {
      "model":"backend.election",
      "pk":5,
      "fields":{
         "election_name":"Board of Directors At-Large Representative",
         "election_session":3,
         "seats_available":4,
         "category":"board_of_directors",
         "created_at":"2021-05-16T15:48:31.839Z",
         "updated_at":"2021-05-16T15:48:31.839Z"
      }
   },
   {
      "model":"backend.election",
      "pk":6,
      "fields":{
         "election_name":"EngSci Club Chair",
         "election_session":3,
         "seats_available":1,
         "category":"discipline_club",
         "created_at":"2021-05-16T15:49:19.430Z",
         "updated_at":"2021-05-16T15:49:19.430Z"
      }
   },
   {
      "model":"backend.election",
      "pk":7,
      "fields":{
         "election_name":"Part-Time Chair",
         "election_session":3,
         "seats_available":1,
         "category":"other",
         "created_at":"2021-05-16T15:49:39.748Z",
         "updated_at":"2021-05-16T15:49:39.748Z"
      }
   },
   {
      "model":"backend.election",
      "pk":8,
      "fields":{
         "election_name":"Mineral Engineering Board of Directors Representative",
         "election_session":3,
         "seats_available":1,
         "category":"board_of_directors",
         "created_at":"2021-05-16T15:50:13.731Z",
         "updated_at":"2021-05-16T15:50:13.731Z"
      }
   },
   {
      "model":"backend.election",
      "pk":9,
      "fields":{
         "election_name":"ESSCO Membership Referendum",
         "election_session":3,
         "seats_available":1,
         "category":"other",
         "created_at":"2021-05-16T15:50:40.375Z",
         "updated_at":"2021-05-16T15:50:40.375Z"
      }
   },
   {
      "model":"backend.election",
      "pk":10,
      "fields":{
         "election_name":"3rd Year Engineering Science Class Representative",
         "election_session":3,
         "seats_available":1,
         "category":"class_representative",
         "created_at":"2021-05-16T15:51:23.012Z",
         "updated_at":"2021-05-16T15:51:23.012Z"
      }
   },
   {
      "model":"backend.election",
      "pk":11,
      "fields":{
         "election_name":"2nd Year Electrical Engineering Class Representative",
         "election_session":3,
         "seats_available":1,
         "category":"class_representative",
         "created_at":"2021-05-16T15:51:59.913Z",
         "updated_at":"2021-05-16T15:51:59.913Z"
      }
   },
   {
      "model":"backend.election",
      "pk":12,
      "fields":{
         "election_name":"Track-One Class Representative",
         "election_session":3,
         "seats_available":1,
         "category":"class_representative",
         "created_at":"2021-05-16T15:52:23.524Z",
         "updated_at":"2021-05-16T15:52:23.524Z"
      }
   },
   {
      "model":"backend.election",
      "pk":13,
      "fields":{
         "election_name":"4th Year Mechanical Engineering Class  Representative",
         "election_session":3,
         "seats_available":1,
         "category":"class_representative",
         "created_at":"2021-05-16T15:53:03.045Z",
         "updated_at":"2021-05-16T15:53:03.045Z"
      }
   },
   {
      "model":"backend.election",
      "pk":14,
      "fields":{
         "election_name":"Chem Club VP Finance",
         "election_session":3,
         "seats_available":1,
         "category":"discipline_club",
         "created_at":"2021-05-16T15:53:22.430Z",
         "updated_at":"2021-05-16T15:53:22.430Z"
      }
   },
   {
      "model":"backend.election",
      "pk":15,
      "fields":{
         "election_name":"Industrial Club VP Academic",
         "election_session":3,
         "seats_available":1,
         "category":"discipline_club",
         "created_at":"2021-05-16T15:53:56.018Z",
         "updated_at":"2021-05-16T15:53:56.018Z"
      }
   },
   {
      "model":"backend.election",
      "pk":16,
      "fields":{
         "election_name":"1st Year Civil Engineering Class Representative",
         "election_session":3,
         "seats_available":1,
         "category":"class_representative",
         "created_at":"2021-05-16T15:58:16.893Z",
         "updated_at":"2021-05-16T15:58:16.893Z"
      }
   },
   {
      "model":"backend.election",
      "pk":17,
      "fields":{
         "election_name":"PEY Computer Engineering Representative",
         "election_session":3,
         "seats_available":1,
         "category":"class_representative",
         "created_at":"2021-05-16T15:58:59.092Z",
         "updated_at":"2021-05-16T15:58:59.092Z"
      }
   },
   {
      "model":"backend.candidate",
      "pk":3,
      "fields":{
         "candidate_name":"Reopen Nominations",
         "election":2,
         "blurb":"",
         "preamble":"",
         "disqualified_status":false,
         "disqualified_link":null,
         "disqualified_blurb":"",
         "rule_violation_message":"",
         "rule_violation_link":null,
         "created_at":"2021-05-16T16:20:35.090Z",
         "updated_at":"2021-05-16T16:20:35.090Z"
      }
   },
   {
      "model":"backend.candidate",
      "pk":4,
      "fields":{
         "candidate_name":"Reopen Nominations",
         "election":3,
         "blurb":"",
         "preamble":"",
         "disqualified_status":false,
         "disqualified_link":null,
         "disqualified_blurb":"",
         "rule_violation_message":"",
         "rule_violation_link":null,
         "created_at":"2021-05-16T16:21:12.426Z",
         "updated_at":"2021-05-16T16:21:12.426Z"
      }
   },
   {
      "model":"backend.candidate",
      "pk":5,
      "fields":{
         "candidate_name":"Reopen Nominations",
         "election":4,
         "blurb":"",
         "preamble":"",
         "disqualified_status":false,
         "disqualified_link":null,
         "disqualified_blurb":"",
         "rule_violation_message":"",
         "rule_violation_link":null,
         "created_at":"2021-05-16T16:21:17.305Z",
         "updated_at":"2021-05-16T16:21:17.305Z"
      }
   },
   {
      "model":"backend.candidate",
      "pk":6,
      "fields":{
         "candidate_name":"Reopen Nominations",
         "election":5,
         "blurb":"",
         "preamble":"",
         "disqualified_status":false,
         "disqualified_link":null,
         "disqualified_blurb":"",
         "rule_violation_message":"",
         "rule_violation_link":null,
         "created_at":"2021-05-16T16:21:28.278Z",
         "updated_at":"2021-05-16T16:21:28.278Z"
      }
   },
   {
      "model":"backend.candidate",
      "pk":7,
      "fields":{
         "candidate_name":"Reopen Nominations",
         "election":6,
         "blurb":"",
         "preamble":"",
         "disqualified_status":false,
         "disqualified_link":null,
         "disqualified_blurb":"",
         "rule_violation_message":"",
         "rule_violation_link":null,
         "created_at":"2021-05-16T16:21:41.450Z",
         "updated_at":"2021-05-16T16:21:41.450Z"
      }
   },
   {
      "model":"backend.candidate",
      "pk":8,
      "fields":{
         "candidate_name":"Reopen Nominations",
         "election":7,
         "blurb":"",
         "preamble":"",
         "disqualified_status":false,
         "disqualified_link":null,
         "disqualified_blurb":"",
         "rule_violation_message":"",
         "rule_violation_link":null,
         "created_at":"2021-05-16T16:21:47.638Z",
         "updated_at":"2021-05-16T16:21:47.638Z"
      }
   },
   {
      "model":"backend.candidate",
      "pk":9,
      "fields":{
         "candidate_name":"Reopen Nominations",
         "election":8,
         "blurb":"",
         "preamble":"",
         "disqualified_status":false,
         "disqualified_link":null,
         "disqualified_blurb":"",
         "rule_violation_message":"",
         "rule_violation_link":null,
         "created_at":"2021-05-16T16:21:51.285Z",
         "updated_at":"2021-05-16T16:21:51.285Z"
      }
   },
   {
      "model":"backend.candidate",
      "pk":10,
      "fields":{
         "candidate_name":"Reopen Nominations",
         "election":9,
         "blurb":"",
         "preamble":"",
         "disqualified_status":false,
         "disqualified_link":null,
         "disqualified_blurb":"",
         "rule_violation_message":"",
         "rule_violation_link":null,
         "created_at":"2021-05-16T16:21:55.242Z",
         "updated_at":"2021-05-16T16:21:55.242Z"
      }
   },
   {
      "model":"backend.candidate",
      "pk":11,
      "fields":{
         "candidate_name":"Reopen Nominations",
         "election":10,
         "blurb":"",
         "preamble":"",
         "disqualified_status":false,
         "disqualified_link":null,
         "disqualified_blurb":"",
         "rule_violation_message":"",
         "rule_violation_link":null,
         "created_at":"2021-05-16T16:21:58.826Z",
         "updated_at":"2021-05-16T16:21:58.826Z"
      }
   },
   {
      "model":"backend.candidate",
      "pk":12,
      "fields":{
         "candidate_name":"Reopen Nominations",
         "election":11,
         "blurb":"",
         "preamble":"",
         "disqualified_status":false,
         "disqualified_link":null,
         "disqualified_blurb":"",
         "rule_violation_message":"",
         "rule_violation_link":null,
         "created_at":"2021-05-16T16:22:13.851Z",
         "updated_at":"2021-05-16T16:22:13.851Z"
      }
   },
   {
      "model":"backend.candidate",
      "pk":13,
      "fields":{
         "candidate_name":"Reopen Nominations",
         "election":12,
         "blurb":"",
         "preamble":"",
         "disqualified_status":false,
         "disqualified_link":null,
         "disqualified_blurb":"",
         "rule_violation_message":"",
         "rule_violation_link":null,
         "created_at":"2021-05-16T16:22:19.250Z",
         "updated_at":"2021-05-16T16:22:19.250Z"
      }
   },
   {
      "model":"backend.candidate",
      "pk":14,
      "fields":{
         "candidate_name":"Reopen Nominations",
         "election":13,
         "blurb":"",
         "preamble":"",
         "disqualified_status":false,
         "disqualified_link":null,
         "disqualified_blurb":"",
         "rule_violation_message":"",
         "rule_violation_link":null,
         "created_at":"2021-05-16T16:22:39.942Z",
         "updated_at":"2021-05-16T16:22:39.942Z"
      }
   },
   {
      "model":"backend.candidate",
      "pk":15,
      "fields":{
         "candidate_name":"Reopen Nominations",
         "election":14,
         "blurb":"",
         "preamble":"",
         "disqualified_status":false,
         "disqualified_link":null,
         "disqualified_blurb":"",
         "rule_violation_message":"",
         "rule_violation_link":null,
         "created_at":"2021-05-16T16:22:44.167Z",
         "updated_at":"2021-05-16T16:22:44.167Z"
      }
   },
   {
      "model":"backend.candidate",
      "pk":16,
      "fields":{
         "candidate_name":"Reopen Nominations",
         "election":15,
         "blurb":"",
         "preamble":"",
         "disqualified_status":false,
         "disqualified_link":null,
         "disqualified_blurb":"",
         "rule_violation_message":"",
         "rule_violation_link":null,
         "created_at":"2021-05-16T16:22:48.668Z",
         "updated_at":"2021-05-16T16:22:48.668Z"
      }
   },
   {
      "model":"backend.candidate",
      "pk":17,
      "fields":{
         "candidate_name":"Reopen Nominations",
         "election":16,
         "blurb":"",
         "preamble":"",
         "disqualified_status":false,
         "disqualified_link":null,
         "disqualified_blurb":"",
         "rule_violation_message":"",
         "rule_violation_link":null,
         "created_at":"2021-05-16T16:22:52.798Z",
         "updated_at":"2021-05-16T16:22:52.798Z"
      }
   },
   {
      "model":"backend.candidate",
      "pk":18,
      "fields":{
         "candidate_name":"Reopen Nominations",
         "election":17,
         "blurb":"",
         "preamble":"",
         "disqualified_status":false,
         "disqualified_link":null,
         "disqualified_blurb":"",
         "rule_violation_message":"",
         "rule_violation_link":null,
         "created_at":"2021-05-16T16:22:56.948Z",
         "updated_at":"2021-05-16T16:22:56.948Z"
      }
   },
   {
      "model":"backend.candidate",
      "pk":19,
      "fields":{
         "candidate_name":"Joe Biden",
         "election":3,
         "blurb":"Lorem ipsum dolor sit amet, consectetur adipiscing elit. Sed ac nisi nec nisl vulputate porta nec eu ligula. Nulla tincidunt neque nunc, vitae euismod massa sodales ut. Nullam non quam et sem rutrum congue at vel nunc. In a mi vitae sem commodo aliquam in id ex. Nunc tincidunt sem sed vulputate sagittis. Donec sollicitudin aliquet erat sit amet congue. Ut vitae eros malesuada, pretium tellus eu, luctus nisl. Donec aliquam quam vel nisi consequat, eget pulvinar turpis ornare. Sed est tortor, sagittis id nunc sit amet, porttitor tempus erat.\r\n\r\nMaecenas sodales, dui vel condimentum vestibulum, velit nisl elementum libero, ac porttitor tellus nulla rutrum neque. Donec nulla nibh, gravida ut tellus a, ornare porta est. Cras vel lorem non mauris posuere varius eget ut tellus. Morbi luctus tincidunt nunc, nec faucibus ipsum viverra sed. Aliquam varius, turpis a pharetra ornare, neque velit gravida eros, in lobortis lorem eros vel quam. In hac habitasse platea dictumst. Duis egestas sapien in metus bibendum placerat. Ut id libero nec dolor egestas ornare. Duis ut tempor sapien, nec rhoncus odio. Sed maximus ante eu dui pharetra tempor.",
         "preamble":"\"There is no one who loves pain itself, who seeks after it and wants to have it, simply because it is pain...\"",
         "disqualified_status":false,
         "disqualified_link":null,
         "disqualified_blurb":"",
         "rule_violation_message":"Morbi quis cursus risus, ut hendrerit nunc. Aliquam vitae dui tristique, sollicitudin leo sit amet, sollicitudin lorem. Donec sollicitudin vel eros at bibendum. Morbi tincidunt scelerisque mi. In finibus mi ac nisl consequat molestie. Quisque rhoncus a lectus eget malesuada. Aliquam fermentum, urna eget faucibus ullamcorper, purus justo tincidunt lectus, id dapibus massa sapien cursus odio.",
         "rule_violation_link":"https://www.google.com/",
         "created_at":"2021-05-16T16:25:45.908Z",
         "updated_at":"2021-05-16T16:27:35.222Z"
      }
   },
   {
      "model":"backend.candidate",
      "pk":20,
      "fields":{
         "candidate_name":"Donald Trump",
         "election":3,
         "blurb":"Lorem ipsum dolor sit amet, consectetur adipiscing elit. Sed ac nisi nec nisl vulputate porta nec eu ligula. Nulla tincidunt neque nunc, vitae euismod massa sodales ut. Nullam non quam et sem rutrum congue at vel nunc. In a mi vitae sem commodo aliquam in id ex. Nunc tincidunt sem sed vulputate sagittis. Donec sollicitudin aliquet erat sit amet congue. Ut vitae eros malesuada, pretium tellus eu, luctus nisl. Donec aliquam quam vel nisi consequat, eget pulvinar turpis ornare. Sed est tortor, sagittis id nunc sit amet, porttitor tempus erat.\r\n\r\nMaecenas sodales, dui vel condimentum vestibulum, velit nisl elementum libero, ac porttitor tellus nulla rutrum neque. Donec nulla nibh, gravida ut tellus a, ornare porta est. Cras vel lorem non mauris posuere varius eget ut tellus. Morbi luctus tincidunt nunc, nec faucibus ipsum viverra sed. Aliquam varius, turpis a pharetra ornare, neque velit gravida eros, in lobortis lorem eros vel quam. In hac habitasse platea dictumst. Duis egestas sapien in metus bibendum placerat. Ut id libero nec dolor egestas ornare. Duis ut tempor sapien, nec rhoncus odio. Sed maximus ante eu dui pharetra tempor.\r\n\r\nNulla sollicitudin aliquet condimentum. Etiam neque velit, dapibus non lectus quis, mattis rhoncus turpis. Sed congue cursus elit nec tempor. Proin facilisis, arcu a bibendum eleifend, sem lacus bibendum sapien, at posuere erat lorem et risus. Sed porttitor, nisi id cursus aliquam, nisl arcu elementum diam, et aliquam nulla enim non odio. Morbi gravida sem scelerisque felis imperdiet tempor. Suspendisse at finibus augue. Nunc condimentum, tortor ut bibendum pellentesque, dolor neque faucibus justo, quis feugiat lacus massa vel odio.",
         "preamble":"\"There is no one who loves pain itself, who seeks after it and wants to have it, simply because it is pain...\"",
         "disqualified_status":true,
         "disqualified_link":"https://www.google.com/",
         "disqualified_blurb":"Morbi quis cursus risus, ut hendrerit nunc. Aliquam vitae dui tristique, sollicitudin leo sit amet, sollicitudin lorem. Donec sollicitudin vel eros at bibendum. Morbi tincidunt scelerisque mi. In finibus mi ac nisl consequat molestie. Quisque rhoncus a lectus eget malesuada. Aliquam fermentum, urna eget faucibus ullamcorper, purus justo tincidunt lectus, id dapibus massa sapien cursus odio.",
         "rule_violation_message":"",
         "rule_violation_link":null,
         "created_at":"2021-05-16T16:26:30.333Z",
         "updated_at":"2021-05-16T16:26:30.333Z"
      }
   },
   {
      "model":"backend.candidate",
      "pk":21,
      "fields":{
         "candidate_name":"Hannah Abbott",
         "election":2,
         "blurb":"",
         "preamble":"\"Neque porro quisquam est qui dolorem ipsum quia dolor sit amet, consectetur, adipisci velit...\"",
         "disqualified_status":false,
         "disqualified_link":null,
         "disqualified_blurb":"",
         "rule_violation_message":"",
         "rule_violation_link":null,
         "created_at":"2021-05-16T16:59:02.858Z",
         "updated_at":"2021-05-16T16:59:02.858Z"
      }
   },
   {
      "model":"backend.candidate",
      "pk":22,
      "fields":{
         "candidate_name":"Ludo Bagman",
         "election":5,
         "blurb":"Lorem ipsum dolor sit amet, consectetur adipiscing elit. Sed ac nisi nec nisl vulputate porta nec eu ligula. Nulla tincidunt neque nunc, vitae euismod massa sodales ut. Nullam non quam et sem rutrum congue at vel nunc. In a mi vitae sem commodo aliquam in id ex. Nunc tincidunt sem sed vulputate sagittis. Donec sollicitudin aliquet erat sit amet congue. Ut vitae eros malesuada, pretium tellus eu, luctus nisl. Donec aliquam quam vel nisi consequat, eget pulvinar turpis ornare. Sed est tortor, sagittis id nunc sit amet, porttitor tempus erat.\r\n\r\nMaecenas sodales, dui vel condimentum vestibulum, velit nisl elementum libero, ac porttitor tellus nulla rutrum neque. Donec nulla nibh, gravida ut tellus a, ornare porta est. Cras vel lorem non mauris posuere varius eget ut tellus. Morbi luctus tincidunt nunc, nec faucibus ipsum viverra sed. Aliquam varius, turpis a pharetra ornare, neque velit gravida eros, in lobortis lorem eros vel quam. In hac habitasse platea dictumst. Duis egestas sapien in metus bibendum placerat. Ut id libero nec dolor egestas ornare. Duis ut tempor sapien, nec rhoncus odio. Sed maximus ante eu dui pharetra tempor.\r\n\r\nNulla sollicitudin aliquet condimentum. Etiam neque velit, dapibus non lectus quis, mattis rhoncus turpis. Sed congue cursus elit nec tempor. Proin facilisis, arcu a bibendum eleifend, sem lacus bibendum sapien, at posuere erat lorem et risus. Sed porttitor, nisi id cursus aliquam, nisl arcu elementum diam, et aliquam nulla enim non odio. Morbi gravida sem scelerisque felis imperdiet tempor. Suspendisse at finibus augue. Nunc condimentum, tortor ut bibendum pellentesque, dolor neque faucibus justo, quis feugiat lacus massa vel odio.\r\n\r\nMorbi quis cursus risus, ut hendrerit nunc. Aliquam vitae dui tristique, sollicitudin leo sit amet, sollicitudin lorem. Donec sollicitudin vel eros at bibendum. Morbi tincidunt scelerisque mi. In finibus mi ac nisl consequat molestie. Quisque rhoncus a lectus eget malesuada. Aliquam fermentum, urna eget faucibus ullamcorper, purus justo tincidunt lectus, id dapibus massa sapien cursus odio.\r\n\r\nSed quam libero, scelerisque nec hendrerit a, dignissim ac lorem. Maecenas quis ante id odio scelerisque fermentum. Nam rhoncus lacus metus, sed tincidunt nisi congue eu. Pellentesque efficitur blandit cursus. Integer porta dolor at elementum ultrices. Curabitur egestas pellentesque luctus. Sed volutpat, turpis a aliquam ullamcorper, ligula nisl scelerisque quam, in laoreet est tellus nec diam. In pellentesque fringilla massa ac ultricies. Quisque ac nisl eget erat feugiat sollicitudin. Mauris semper ullamcorper pellentesque. Sed accumsan urna nec pulvinar porttitor. Aliquam vel molestie tortor. Vivamus facilisis enim ac pellentesque sagittis. Sed tempor et sapien eget auctor. Cras eget justo dui.",
         "preamble":"Lorem ipsum dolor sit amet, consectetur adipiscing elit. Sed ac nisi nec nisl vulputate porta nec eu .",
         "disqualified_status":false,
         "disqualified_link":null,
         "disqualified_blurb":"",
         "rule_violation_message":"Lorem ipsum dolor sit amet, consectetur adipiscing elit. Sed ac nisi nec nisl vulputate porta nec eu .",
         "rule_violation_link":"https://www.youtube.com/watch?v=dQw4w9WgXcQ",
         "created_at":"2021-05-16T17:00:53.700Z",
         "updated_at":"2021-05-16T17:00:53.700Z"
      }
   },
   {
      "model":"backend.candidate",
      "pk":23,
      "fields":{
         "candidate_name":"Yes",
         "election":4,
         "blurb":"Lorem ipsum dolor sit amet, consectetur adipiscing elit. Sed ac nisi nec nisl vulputate porta nec eu .\r\nLorem ipsum dolor sit amet, consectetur adipiscing elit. Sed ac nisi nec nisl vulputate porta nec eu .\r\nLorem ipsum dolor sit amet, consectetur adipiscing elit. Sed ac nisi nec nisl vulputate porta nec eu .\r\nLorem ipsum dolor sit amet, consectetur adipiscing elit. Sed ac nisi nec nisl vulputate porta nec eu .\r\nLorem ipsum dolor sit amet, consectetur adipiscing elit. Sed ac nisi nec nisl vulputate porta nec eu .",
         "preamble":"",
         "disqualified_status":false,
         "disqualified_link":null,
         "disqualified_blurb":"",
         "rule_violation_message":"",
         "rule_violation_link":null,
         "created_at":"2021-05-16T17:01:10.072Z",
         "updated_at":"2021-05-16T17:01:10.072Z"
      }
   },
   {
      "model":"backend.candidate",
      "pk":24,
      "fields":{
         "candidate_name":"Yes",
         "election":9,
         "blurb":"Lorem ipsum dolor sit amet, consectetur adipiscing elit. Sed ac nisi nec nisl vulputate porta nec eu .\r\nLorem ipsum dolor sit amet, consectetur adipiscing elit. Sed ac nisi nec nisl vulputate porta nec eu .\r\nLorem ipsum dolor sit amet, consectetur adipiscing elit. Sed ac nisi nec nisl vulputate porta nec eu .",
         "preamble":"",
         "disqualified_status":false,
         "disqualified_link":null,
         "disqualified_blurb":"",
         "rule_violation_message":"",
         "rule_violation_link":null,
         "created_at":"2021-05-16T17:01:21.008Z",
         "updated_at":"2021-05-16T17:01:21.008Z"
      }
   },
   {
      "model":"backend.candidate",
      "pk":25,
      "fields":{
         "candidate_name":"Bathilda Bagshot",
         "election":5,
         "blurb":"Lorem ipsum dolor sit amet, consectetur adipiscing elit. Sed ac nisi nec nisl vulputate porta nec eu ligula. Nulla tincidunt neque nunc, vitae euismod massa sodales ut. Nullam non quam et sem rutrum congue at vel nunc. In a mi vitae sem commodo aliquam in id ex. Nunc tincidunt sem sed vulputate sagittis. Donec sollicitudin aliquet erat sit amet congue. Ut vitae eros malesuada, pretium tellus eu, luctus nisl. Donec aliquam quam vel nisi consequat, eget pulvinar turpis ornare. Sed est tortor, sagittis id nunc sit amet, porttitor tempus erat.\r\n\r\nMaecenas sodales, dui vel condimentum vestibulum, velit nisl elementum libero, ac porttitor tellus nulla rutrum neque. Donec nulla nibh, gravida ut tellus a, ornare porta est. Cras vel lorem non mauris posuere varius eget ut tellus. Morbi luctus tincidunt nunc, nec faucibus ipsum viverra sed. Aliquam varius, turpis a pharetra ornare, neque velit gravida eros, in lobortis lorem eros vel quam. In hac habitasse platea dictumst. Duis egestas sapien in metus bibendum placerat. Ut id libero nec dolor egestas ornare. Duis ut tempor sapien, nec rhoncus odio. Sed maximus ante eu dui pharetra tempor.",
         "preamble":"Lorem ipsum dolor sit amet, consectetur adipiscing elit. Sed ac nisi nec nisl vulputate porta nec eu",
         "disqualified_status":false,
         "disqualified_link":null,
         "disqualified_blurb":"",
         "rule_violation_message":"",
         "rule_violation_link":null,
         "created_at":"2021-05-16T17:02:18.485Z",
         "updated_at":"2021-05-16T17:02:18.485Z"
      }
   },
   {
      "model":"backend.candidate",
      "pk":26,
      "fields":{
         "candidate_name":"Katie Bell",
         "election":5,
         "blurb":"Lorem ipsum dolor sit amet, consectetur adipiscing elit. Sed ac nisi nec nisl vulputate porta nec eu ligula. Nulla tincidunt neque nunc, vitae euismod massa sodales ut. Nullam non quam et sem rutrum congue at vel nunc. In a mi vitae sem commodo aliquam in id ex. Nunc tincidunt sem sed vulputate sagittis. Donec sollicitudin aliquet erat sit amet congue. Ut vitae eros malesuada, pretium tellus eu, luctus nisl. Donec aliquam quam vel nisi consequat, eget pulvinar turpis ornare. Sed est tortor, sagittis id nunc sit amet, porttitor tempus erat.\r\n\r\nMaecenas sodales, dui vel condimentum vestibulum, velit nisl elementum libero, ac porttitor tellus nulla rutrum neque. Donec nulla nibh, gravida ut tellus a, ornare porta est. Cras vel lorem non mauris posuere varius eget ut tellus. Morbi luctus tincidunt nunc, nec faucibus ipsum viverra sed. Aliquam varius, turpis a pharetra ornare, neque velit gravida eros, in lobortis lorem eros vel quam. In hac habitasse platea dictumst. Duis egestas sapien in metus bibendum placerat. Ut id libero nec dolor egestas ornare. Duis ut tempor sapien, nec rhoncus odio. Sed maximus ante eu dui pharetra tempor.",
         "preamble":"Lorem ipsum dolor sit amet, consectetur adipiscing elit. Sed ac nisi nec nisl vulputate porta nec eu",
         "disqualified_status":false,
         "disqualified_link":null,
         "disqualified_blurb":"",
         "rule_violation_message":"",
         "rule_violation_link":null,
         "created_at":"2021-05-16T17:02:37.589Z",
         "updated_at":"2021-05-16T17:02:37.589Z"
      }
   },
   {
      "model":"backend.candidate",
      "pk":27,
      "fields":{
         "candidate_name":"Cuthbert Binns",
         "election":5,
         "blurb":"Lorem ipsum dolor sit amet, consectetur adipiscing elit. Sed ac nisi nec nisl vulputate porta nec eu ligula. Nulla tincidunt neque nunc, vitae euismod massa sodales ut. Nullam non quam et sem rutrum congue at vel nunc. In a mi vitae sem commodo aliquam in id ex. Nunc tincidunt sem sed vulputate sagittis. Donec sollicitudin aliquet erat sit amet congue. Ut vitae eros malesuada, pretium tellus eu, luctus nisl. Donec aliquam quam vel nisi consequat, eget pulvinar turpis ornare. Sed est tortor, sagittis id nunc sit amet, porttitor tempus erat.\r\n\r\nMaecenas sodales, dui vel condimentum vestibulum, velit nisl elementum libero, ac porttitor tellus nulla rutrum neque. Donec nulla nibh, gravida ut tellus a, ornare porta est. Cras vel lorem non mauris posuere varius eget ut tellus. Morbi luctus tincidunt nunc, nec faucibus ipsum viverra sed. Aliquam varius, turpis a pharetra ornare, neque velit gravida eros, in lobortis lorem eros vel quam. In hac habitasse platea dictumst. Duis egestas sapien in metus bibendum placerat. Ut id libero nec dolor egestas ornare. Duis ut tempor sapien, nec rhoncus odio. Sed maximus ante eu dui pharetra tempor.",
         "preamble":"Lorem ipsum dolor sit amet, consectetur adipiscing",
         "disqualified_status":false,
         "disqualified_link":null,
         "disqualified_blurb":"",
         "rule_violation_message":"",
         "rule_violation_link":null,
         "created_at":"2021-05-16T17:03:01.878Z",
         "updated_at":"2021-05-16T17:03:01.878Z"
      }
   },
   {
      "model":"backend.candidate",
      "pk":28,
      "fields":{
         "candidate_name":"Phineas Nigellus Black",
         "election":5,
         "blurb":"Nulla sollicitudin aliquet condimentum. Etiam neque velit, dapibus non lectus quis, mattis rhoncus turpis. Sed congue cursus elit nec tempor. Proin facilisis, arcu a bibendum eleifend, sem lacus bibendum sapien, at posuere erat lorem et risus. Sed porttitor, nisi id cursus aliquam, nisl arcu elementum diam, et aliquam nulla enim non odio. Morbi gravida sem scelerisque felis imperdiet tempor. Suspendisse at finibus augue. Nunc condimentum, tortor ut bibendum pellentesque, dolor neque faucibus justo, quis feugiat lacus massa vel odio.\r\n\r\nMorbi quis cursus risus, ut hendrerit nunc. Aliquam vitae dui tristique, sollicitudin leo sit amet, sollicitudin lorem. Donec sollicitudin vel eros at bibendum. Morbi tincidunt scelerisque mi. In finibus mi ac nisl consequat molestie. Quisque rhoncus a lectus eget malesuada. Aliquam fermentum, urna eget faucibus ullamcorper, purus justo tincidunt lectus, id dapibus massa sapien cursus odio.\r\n\r\nSed quam libero, scelerisque nec hendrerit a, dignissim ac lorem. Maecenas quis ante id odio scelerisque fermentum. Nam rhoncus lacus metus, sed tincidunt nisi congue eu. Pellentesque efficitur blandit cursus. Integer porta dolor at elementum ultrices. Curabitur egestas pellentesque luctus. Sed volutpat, turpis a aliquam ullamcorper, ligula nisl scelerisque quam, in laoreet est tellus nec diam. In pellentesque fringilla massa ac ultricies. Quisque ac nisl eget erat feugiat sollicitudin. Mauris semper ullamcorper pellentesque. Sed accumsan urna nec pulvinar porttitor. Aliquam vel molestie tortor. Vivamus facilisis enim ac pellentesque sagittis. Sed tempor et sapien eget auctor. Cras eget justo dui.",
         "preamble":"Vivamus facilisis enim ac pellentesque sagittis. Sed tempor et sapien eget auctor. Cras eget justo dui.",
         "disqualified_status":false,
         "disqualified_link":null,
         "disqualified_blurb":"",
         "rule_violation_message":"",
         "rule_violation_link":null,
         "created_at":"2021-05-16T17:03:23.610Z",
         "updated_at":"2021-05-16T17:03:23.610Z"
      }
   },
   {
      "model":"backend.candidate",
      "pk":29,
      "fields":{
         "candidate_name":"Sirius Black",
         "election":5,
         "blurb":"Nulla sollicitudin aliquet condimentum. Etiam neque velit, dapibus non lectus quis, mattis rhoncus turpis. Sed congue cursus elit nec tempor. Proin facilisis, arcu a bibendum eleifend, sem lacus bibendum sapien, at posuere erat lorem et risus. Sed porttitor, nisi id cursus aliquam, nisl arcu elementum diam, et aliquam nulla enim non odio. Morbi gravida sem scelerisque felis imperdiet tempor. Suspendisse at finibus augue. Nunc condimentum, tortor ut bibendum pellentesque, dolor neque faucibus justo, quis feugiat lacus massa vel odio.\r\n\r\nMorbi quis cursus risus, ut hendrerit nunc. Aliquam vitae dui tristique, sollicitudin leo sit amet, sollicitudin lorem. Donec sollicitudin vel eros at bibendum. Morbi tincidunt scelerisque mi. In finibus mi ac nisl consequat molestie. Quisque rhoncus a lectus eget malesuada. Aliquam fermentum, urna eget faucibus ullamcorper, purus justo tincidunt lectus, id dapibus massa sapien cursus odio.\r\n\r\nSed quam libero, scelerisque nec hendrerit a, dignissim ac lorem. Maecenas quis ante id odio scelerisque fermentum. Nam rhoncus lacus metus, sed tincidunt nisi congue eu. Pellentesque efficitur blandit cursus. Integer porta dolor at elementum ultrices. Curabitur egestas pellentesque luctus. Sed volutpat, turpis a aliquam ullamcorper, ligula nisl scelerisque quam, in laoreet est tellus nec diam. In pellentesque fringilla massa ac ultricies. Quisque ac nisl eget erat feugiat sollicitudin. Mauris semper ullamcorper pellentesque. Sed accumsan urna nec pulvinar porttitor. Aliquam vel molestie tortor. Vivamus facilisis enim ac pellentesque sagittis. Sed tempor et sapien eget auctor. Cras eget justo dui.",
         "preamble":"Vivamus facilisis enim ac pellentesque sagittis. Sed tempor et sapien eget auctor. Cras eget justo dui.",
         "disqualified_status":false,
         "disqualified_link":null,
         "disqualified_blurb":"",
         "rule_violation_message":"",
         "rule_violation_link":null,
         "created_at":"2021-05-16T17:59:26.950Z",
         "updated_at":"2021-05-16T17:59:26.950Z"
      }
   },
   {
      "model":"backend.candidate",
      "pk":30,
      "fields":{
         "candidate_name":"Amelia Bones & Susan Bones",
         "election":6,
         "blurb":"Nulla sollicitudin aliquet condimentum. Etiam neque velit, dapibus non lectus quis, mattis rhoncus turpis. Sed congue cursus elit nec tempor. Proin facilisis, arcu a bibendum eleifend, sem lacus bibendum sapien, at posuere erat lorem et risus. Sed porttitor, nisi id cursus aliquam, nisl arcu elementum diam, et aliquam nulla enim non odio. Morbi gravida sem scelerisque felis imperdiet tempor. Suspendisse at finibus augue. Nunc condimentum, tortor ut bibendum pellentesque, dolor neque faucibus justo, quis feugiat lacus massa vel odio.\r\n\r\nMorbi quis cursus risus, ut hendrerit nunc. Aliquam vitae dui tristique, sollicitudin leo sit amet, sollicitudin lorem. Donec sollicitudin vel eros at bibendum. Morbi tincidunt scelerisque mi. In finibus mi ac nisl consequat molestie. Quisque rhoncus a lectus eget malesuada. Aliquam fermentum, urna eget faucibus ullamcorper, purus justo tincidunt lectus, id dapibus massa sapien cursus odio.\r\n\r\nSed quam libero, scelerisque nec hendrerit a, dignissim ac lorem. Maecenas quis ante id odio scelerisque fermentum. Nam rhoncus lacus metus, sed tincidunt nisi congue eu. Pellentesque efficitur blandit cursus. Integer porta dolor at elementum ultrices. Curabitur egestas pellentesque luctus. Sed volutpat, turpis a aliquam ullamcorper, ligula nisl scelerisque quam, in laoreet est tellus nec diam. In pellentesque fringilla massa ac ultricies. Quisque ac nisl eget erat feugiat sollicitudin. Mauris semper ullamcorper pellentesque. Sed accumsan urna nec pulvinar porttitor. Aliquam vel molestie tortor. Vivamus facilisis enim ac pellentesque sagittis. Sed tempor et sapien eget auctor. Cras eget justo dui.",
         "preamble":"Nulla sollicitudin aliquet condimentum. Etiam neque velit, dapibus non lectus quis, mattis rhoncus",
         "disqualified_status":false,
         "disqualified_link":null,
         "disqualified_blurb":"",
         "rule_violation_message":"",
         "rule_violation_link":null,
         "created_at":"2021-05-16T18:00:18.582Z",
         "updated_at":"2021-05-16T18:00:18.582Z"
      }
   },
   {
      "model":"backend.candidate",
      "pk":31,
      "fields":{
         "candidate_name":"Terry Boot",
         "election":7,
         "blurb":"Nulla sollicitudin aliquet condimentum. Etiam neque velit, dapibus non lectus quis, mattis rhoncus turpis. Sed congue cursus elit nec tempor. Proin facilisis, arcu a bibendum eleifend, sem lacus bibendum sapien, at posuere erat lorem et risus. Sed porttitor, nisi id cursus aliquam, nisl arcu elementum diam, et aliquam nulla enim non odio. Morbi gravida sem scelerisque felis imperdiet tempor. Suspendisse at finibus augue. Nunc condimentum, tortor ut bibendum pellentesque, dolor neque faucibus justo, quis feugiat lacus massa vel odio.\r\n\r\nMorbi quis cursus risus, ut hendrerit nunc. Aliquam vitae dui tristique, sollicitudin leo sit amet, sollicitudin lorem. Donec sollicitudin vel eros at bibendum. Morbi tincidunt scelerisque mi. In finibus mi ac nisl consequat molestie. Quisque rhoncus a lectus eget malesuada. Aliquam fermentum, urna eget faucibus ullamcorper, purus justo tincidunt lectus, id dapibus massa sapien cursus odio.\r\n\r\nSed quam libero, scelerisque nec hendrerit a, dignissim ac lorem. Maecenas quis ante id odio scelerisque fermentum. Nam rhoncus lacus metus, sed tincidunt nisi congue eu. Pellentesque efficitur blandit cursus. Integer porta dolor at elementum ultrices. Curabitur egestas pellentesque luctus. Sed volutpat, turpis a aliquam ullamcorper, ligula nisl scelerisque quam, in laoreet est tellus nec diam. In pellentesque fringilla massa ac ultricies. Quisque ac nisl eget erat feugiat sollicitudin. Mauris semper ullamcorper pellentesque. Sed accumsan urna nec pulvinar porttitor. Aliquam vel molestie tortor. Vivamus facilisis enim ac pellentesque sagittis. Sed tempor et sapien eget auctor. Cras eget justo dui.",
         "preamble":"Nulla sollicitudin aliquet condimentum. Etiam neque velit, dapibus non lectus quis, mattis rhoncus",
         "disqualified_status":false,
         "disqualified_link":null,
         "disqualified_blurb":"",
         "rule_violation_message":"",
         "rule_violation_link":null,
         "created_at":"2021-05-16T18:00:42.772Z",
         "updated_at":"2021-05-16T18:00:42.772Z"
      }
   },
   {
      "model":"backend.candidate",
      "pk":32,
      "fields":{
         "candidate_name":"Lavender Brown",
         "election":7,
         "blurb":"Nulla sollicitudin aliquet condimentum. Etiam neque velit, dapibus non lectus quis, mattis rhoncus turpis. Sed congue cursus elit nec tempor. Proin facilisis, arcu a bibendum eleifend, sem lacus bibendum sapien, at posuere erat lorem et risus. Sed porttitor, nisi id cursus aliquam, nisl arcu elementum diam, et aliquam nulla enim non odio. Morbi gravida sem scelerisque felis imperdiet tempor. Suspendisse at finibus augue. Nunc condimentum, tortor ut bibendum pellentesque, dolor neque faucibus justo, quis feugiat lacus massa vel odio.\r\n\r\nMorbi quis cursus risus, ut hendrerit nunc. Aliquam vitae dui tristique, sollicitudin leo sit amet, sollicitudin lorem. Donec sollicitudin vel eros at bibendum. Morbi tincidunt scelerisque mi. In finibus mi ac nisl consequat molestie. Quisque rhoncus a lectus eget malesuada. Aliquam fermentum, urna eget faucibus ullamcorper, purus justo tincidunt lectus, id dapibus massa sapien cursus odio.\r\n\r\nSed quam libero, scelerisque nec hendrerit a, dignissim ac lorem. Maecenas quis ante id odio scelerisque fermentum. Nam rhoncus lacus metus, sed tincidunt nisi congue eu. Pellentesque efficitur blandit cursus. Integer porta dolor at elementum ultrices. Curabitur egestas pellentesque luctus. Sed volutpat, turpis a aliquam ullamcorper, ligula nisl scelerisque quam, in laoreet est tellus nec diam. In pellentesque fringilla massa ac ultricies. Quisque ac nisl eget erat feugiat sollicitudin. Mauris semper ullamcorper pellentesque. Sed accumsan urna nec pulvinar porttitor. Aliquam vel molestie tortor. Vivamus facilisis enim ac pellentesque sagittis. Sed tempor et sapien eget auctor. Cras eget justo dui.",
         "preamble":"Nulla sollicitudin aliquet condimentum. Etiam neque velit, dapibus non lectus quis, mattis rhoncus",
         "disqualified_status":false,
         "disqualified_link":null,
         "disqualified_blurb":"",
         "rule_violation_message":"Nulla sollicitudin aliquet condimentum. Etiam neque velit, dapibus non lectus quis, mattis rhoncus",
         "rule_violation_link":"https://www.youtube.com/watch?v=dQw4w9WgXcQ",
         "created_at":"2021-05-16T18:01:32.446Z",
         "updated_at":"2021-05-16T18:01:32.446Z"
      }
   },
   {
      "model":"backend.candidate",
      "pk":33,
      "fields":{
         "candidate_name":"Millicent Bulstrode",
         "election":8,
         "blurb":"",
         "preamble":"Lorem IpsumLorem IpsumLorem IpsumLorem IpsumLorem IpsumLorem IpsumLorem IpsumLorem Ipsum",
         "disqualified_status":false,
         "disqualified_link":null,
         "disqualified_blurb":"",
         "rule_violation_message":"",
         "rule_violation_link":null,
         "created_at":"2021-05-16T18:02:28.804Z",
         "updated_at":"2021-05-16T18:02:28.804Z"
      }
   },
   {
      "model":"backend.candidate",
      "pk":34,
      "fields":{
         "candidate_name":"Charity Burbage",
         "election":10,
         "blurb":"Maecenas sodales, dui vel condimentum vestibulum, velit nisl elementum libero, ac porttitor tellus nulla rutrum neque. Donec nulla nibh, gravida ut tellus a, ornare porta est. Cras vel lorem non mauris posuere varius eget ut tellus. Morbi luctus tincidunt nunc, nec faucibus ipsum viverra sed. Aliquam varius, turpis a pharetra ornare, neque velit gravida eros, in lobortis lorem eros vel quam. In hac habitasse platea dictumst. Duis egestas sapien in metus bibendum placerat. Ut id libero nec dolor egestas ornare. Duis ut tempor sapien, nec rhoncus odio. Sed maximus ante eu dui pharetra tempor.\r\n\r\nNulla sollicitudin aliquet condimentum. Etiam neque velit, dapibus non lectus quis, mattis rhoncus turpis. Sed congue cursus elit nec tempor. Proin facilisis, arcu a bibendum eleifend, sem lacus bibendum sapien, at posuere erat lorem et risus. Sed porttitor, nisi id cursus aliquam, nisl arcu elementum diam, et aliquam nulla enim non odio. Morbi gravida sem scelerisque felis imperdiet tempor. Suspendisse at finibus augue. Nunc condimentum, tortor ut bibendum pellentesque, dolor neque faucibus justo, quis feugiat lacus massa vel odio.",
         "preamble":"Maecenas sodales, dui vel condimentum vestibulum, velit nisl elementum libero, ac porttitor tellus",
         "disqualified_status":false,
         "disqualified_link":null,
         "disqualified_blurb":"",
         "rule_violation_message":"",
         "rule_violation_link":null,
         "created_at":"2021-05-16T18:02:52.758Z",
         "updated_at":"2021-05-16T18:02:52.758Z"
      }
   },
   {
      "model":"backend.candidate",
      "pk":35,
      "fields":{
         "candidate_name":"Frank Bryce",
         "election":8,
         "blurb":"Lorem ipsum dolor sit amet, consectetur adipiscing elit. Nunc a turpis porta, semper sem vel, molestie metus. Nam risus sem, suscipit quis lacus sit amet, consequat auctor nisi. Sed quis dictum ligula. In id dolor pharetra, aliquam metus in, pharetra mi. Morbi lobortis tellus id nunc pharetra scelerisque. Cras vehicula ornare neque, in consectetur nisi sagittis et. Curabitur bibendum dolor a metus bibendum varius. Praesent non elit nec erat aliquet condimentum. Donec justo turpis, semper vel tincidunt non, consequat et sapien. Mauris venenatis in diam nec pretium. Phasellus commodo, arcu sit amet lobortis fringilla, arcu nibh lobortis arcu, vel ullamcorper elit ex vel nibh.\r\n\r\nUt volutpat sagittis leo, id bibendum dui egestas id. Praesent posuere commodo urna. Nullam euismod laoreet neque mattis porta. Integer tempor ultricies mi. Quisque et semper lectus. Ut a ligula dolor. Pellentesque consequat nisi tortor, non semper leo accumsan vitae. Fusce pretium nulla vel cursus hendrerit. Suspendisse congue auctor orci at posuere. Aenean nec risus gravida, consectetur diam a, suscipit lorem. Curabitur dapibus nulla sit amet quam pellentesque, non tincidunt lectus efficitur. Duis ac urna velit. Quisque iaculis, ex vitae venenatis sollicitudin, ligula tortor tincidunt leo, vel blandit sapien erat ac erat.",
         "preamble":"Lorem ipsum dolor sit amet, consectetur adipiscing elit. Nunc a turpis porta, semper sem vel, molestie",
         "disqualified_status":false,
         "disqualified_link":null,
         "disqualified_blurb":"",
         "rule_violation_message":"",
         "rule_violation_link":null,
         "created_at":"2021-05-16T18:03:13.924Z",
         "updated_at":"2021-05-16T18:03:13.924Z"
      }
   },
   {
      "model":"backend.candidate",
      "pk":36,
      "fields":{
         "candidate_name":"Frank Bryce",
         "election":11,
         "blurb":"Lorem ipsum dolor sit amet, consectetur adipiscing elit. Nunc a turpis porta, semper sem vel, molestie metus. Nam risus sem, suscipit quis lacus sit amet, consequat auctor nisi. Sed quis dictum ligula. In id dolor pharetra, aliquam metus in, pharetra mi. Morbi lobortis tellus id nunc pharetra scelerisque. Cras vehicula ornare neque, in consectetur nisi sagittis et. Curabitur bibendum dolor a metus bibendum varius. Praesent non elit nec erat aliquet condimentum. Donec justo turpis, semper vel tincidunt non, consequat et sapien. Mauris venenatis in diam nec pretium. Phasellus commodo, arcu sit amet lobortis fringilla, arcu nibh lobortis arcu, vel ullamcorper elit ex vel nibh.\r\n\r\nUt volutpat sagittis leo, id bibendum dui egestas id. Praesent posuere commodo urna. Nullam euismod laoreet neque mattis porta. Integer tempor ultricies mi. Quisque et semper lectus. Ut a ligula dolor. Pellentesque consequat nisi tortor, non semper leo accumsan vitae. Fusce pretium nulla vel cursus hendrerit. Suspendisse congue auctor orci at posuere. Aenean nec risus gravida, consectetur diam a, suscipit lorem. Curabitur dapibus nulla sit amet quam pellentesque, non tincidunt lectus efficitur. Duis ac urna velit. Quisque iaculis, ex vitae venenatis sollicitudin, ligula tortor tincidunt leo, vel blandit sapien erat ac erat.",
         "preamble":"Lorem ipsum dolor sit amet, consectetur adipiscing elit. Nunc a turpis porta, semper sem vel, molestie",
         "disqualified_status":false,
         "disqualified_link":null,
         "disqualified_blurb":"",
         "rule_violation_message":"",
         "rule_violation_link":null,
         "created_at":"2021-05-16T18:04:08.242Z",
         "updated_at":"2021-05-16T18:04:08.242Z"
      }
   },
   {
      "model":"backend.candidate",
      "pk":37,
      "fields":{
         "candidate_name":"Alecto Carrow",
         "election":11,
         "blurb":"Cras et laoreet orci, sit amet lacinia lacus. Cras interdum interdum ipsum, sed posuere tellus pretium sit amet. Quisque lorem mi, imperdiet non laoreet nec, fringilla non enim. Nullam dapibus nunc quis lorem laoreet vulputate. Donec in lectus ultricies, volutpat felis id, dapibus tortor. Mauris vitae placerat nisl. Etiam id dictum lectus, iaculis consequat sem. Pellentesque nec urna egestas, posuere mauris eget, molestie metus. Nunc mollis enim at lacinia rutrum. In nec vulputate metus. Vivamus mauris ante, convallis a lorem nec, congue cursus velit. Mauris aliquam nulla sodales mauris varius, id imperdiet nibh consectetur. Duis semper ligula sed augue pretium, ac porttitor odio gravida. Maecenas dignissim odio dui, eu interdum mi aliquet vel. Aliquam erat volutpat.",
         "preamble":"Cras et laoreet orci, sit amet lacinia lacus. Cras interdum interdum ipsum, sed posuere tellus pretium sit c",
         "disqualified_status":false,
         "disqualified_link":null,
         "disqualified_blurb":"",
         "rule_violation_message":"",
         "rule_violation_link":null,
         "created_at":"2021-05-16T18:04:29.986Z",
         "updated_at":"2021-05-16T18:04:29.986Z"
      }
   },
   {
      "model":"backend.candidate",
      "pk":38,
      "fields":{
         "candidate_name":"Amycus Carrow",
         "election":12,
         "blurb":"Sed malesuada facilisis arcu, blandit molestie odio vulputate sit amet. In porttitor feugiat euismod. Quisque ut metus nulla. Proin non quam ornare, finibus risus sed, malesuada augue. Integer lacinia, magna vel luctus iaculis, urna tortor pretium ipsum, quis convallis est odio sit amet neque. Ut urna nisi, semper in blandit at, consectetur sed lorem. Integer sit amet dignissim nisi, eu accumsan sapien. Nulla accumsan nisi sit amet dolor eleifend porttitor. Nunc et ultrices augue. Nullam cursus turpis non metus fringilla suscipit. Vestibulum vestibulum libero ipsum, ac malesuada est ultrices eget. Phasellus a sem vitae tortor consequat dapibus. Donec ultrices viverra ante, nec feugiat nisi ultrices id. Sed dapibus ornare quam, quis semper massa ultrices at.",
         "preamble":"Sed malesuada facilisis arcu, blandit molestie odio vulputate sit amet. In porttitor feugiat euismod. Quisque ut m",
         "disqualified_status":false,
         "disqualified_link":null,
         "disqualified_blurb":"",
         "rule_violation_message":"",
         "rule_violation_link":null,
         "created_at":"2021-05-16T18:05:08.182Z",
         "updated_at":"2021-05-16T18:05:08.182Z"
      }
   },
   {
      "model":"backend.candidate",
      "pk":39,
      "fields":{
         "candidate_name":"Reginald Cattermole",
         "election":13,
         "blurb":"Ut a rhoncus diam, in congue magna. Curabitur elementum cursus nulla, eget semper orci. Sed ut venenatis enim, non lacinia erat. Nullam id purus enim. Ut commodo arcu ut ex feugiat pretium. Pellentesque ut volutpat nisl. Nullam mattis nisl sapien, non malesuada risus volutpat in. Fusce sit amet neque nisi. Nunc malesuada sem a maximus suscipit. Aliquam scelerisque risus nec euismod accumsan. Aenean auctor, erat vitae maximus ultrices, velit nulla mollis lectus, sed consequat arcu arcu ac urna. Quisque lacinia pulvinar nunc eu tincidunt. Nam semper maximus lacus vitae dapibus. Nulla quam tortor, luctus at nulla at, ullamcorper rhoncus velit.\r\n\r\nCras et laoreet orci, sit amet lacinia lacus. Cras interdum interdum ipsum, sed posuere tellus pretium sit amet. Quisque lorem mi, imperdiet non laoreet nec, fringilla non enim. Nullam dapibus nunc quis lorem laoreet vulputate. Donec in lectus ultricies, volutpat felis id, dapibus tortor. Mauris vitae placerat nisl. Etiam id dictum lectus, iaculis consequat sem. Pellentesque nec urna egestas, posuere mauris eget, molestie metus. Nunc mollis enim at lacinia rutrum. In nec vulputate metus. Vivamus mauris ante, convallis a lorem nec, congue cursus velit. Mauris aliquam nulla sodales mauris varius, id imperdiet nibh consectetur. Duis semper ligula sed augue pretium, ac porttitor odio gravida. Maecenas dignissim odio dui, eu interdum mi aliquet vel. Aliquam erat volutpat.\r\n\r\nSed malesuada facilisis arcu, blandit molestie odio vulputate sit amet. In porttitor feugiat euismod. Quisque ut metus nulla. Proin non quam ornare, finibus risus sed, malesuada augue. Integer lacinia, magna vel luctus iaculis, urna tortor pretium ipsum, quis convallis est odio sit amet neque. Ut urna nisi, semper in blandit at, consectetur sed lorem. Integer sit amet dignissim nisi, eu accumsan sapien. Nulla accumsan nisi sit amet dolor eleifend porttitor. Nunc et ultrices augue. Nullam cursus turpis non metus fringilla suscipit. Vestibulum vestibulum libero ipsum, ac malesuada est ultrices eget. Phasellus a sem vitae tortor consequat dapibus. Donec ultrices viverra ante, nec feugiat nisi ultrices id. Sed dapibus ornare quam, quis semper massa ultrices at.",
         "preamble":"Ut a rhoncus diam,",
         "disqualified_status":true,
         "disqualified_link":"https://www.youtube.com/watch?v=dQw4w9WgXcQ",
         "disqualified_blurb":"",
         "rule_violation_message":"",
         "rule_violation_link":null,
         "created_at":"2021-05-16T18:05:44.217Z",
         "updated_at":"2021-05-16T18:05:44.217Z"
      }
   },
   {
      "model":"backend.candidate",
      "pk":40,
      "fields":{
         "candidate_name":"Cho Chang",
         "election":13,
         "blurb":"",
         "preamble":"Ut a rhoncus diam, in congue magna. Curabitur elementum cursus nulla, eget semper orci. Sed ut",
         "disqualified_status":false,
         "disqualified_link":null,
         "disqualified_blurb":"",
         "rule_violation_message":"",
         "rule_violation_link":null,
         "created_at":"2021-05-16T18:06:02.765Z",
         "updated_at":"2021-05-16T18:06:02.765Z"
      }
   },
   {
      "model":"backend.candidate",
      "pk":41,
      "fields":{
         "candidate_name":"Penelope Clearwater",
         "election":13,
         "blurb":"",
         "preamble":"asdfasdfasdfasdfasdfasdfasdfasdfasdfasdfasdfasdfasdfasdfasdfasdfasdfasdf",
         "disqualified_status":false,
         "disqualified_link":null,
         "disqualified_blurb":"",
         "rule_violation_message":"",
         "rule_violation_link":null,
         "created_at":"2021-05-16T18:07:36.549Z",
         "updated_at":"2021-05-16T18:07:36.549Z"
      }
   },
   {
      "model":"backend.candidate",
      "pk":42,
      "fields":{
         "candidate_name":"Vincent Crabbe",
         "election":15,
         "blurb":"Sed malesuada facilisis arcu, blandit molestie odio vulputate sit amet. In porttitor feugiat euismod. Quisque ut metus nulla. Proin non quam ornare, finibus risus sed, malesuada augue. Integer lacinia, magna vel luctus iaculis, urna tortor pretium ipsum, quis convallis est odio sit amet neque. Ut urna nisi, semper in blandit at, consectetur sed lorem. Integer sit amet dignissim nisi, eu accumsan sapien. Nulla accumsan nisi sit amet dolor eleifend porttitor. Nunc et ultrices augue. Nullam cursus turpis non metus fringilla suscipit. Vestibulum vestibulum libero ipsum, ac malesuada est ultrices eget. Phasellus a sem vitae tortor consequat dapibus. Donec ultrices viverra ante, nec feugiat nisi ultrices id. Sed dapibus ornare quam, quis semper massa ultrices at.",
         "preamble":"Sed malesuada facilisis arcu, blandit molestie odio vulputate sit amet. In porttitor feugiat euismod.",
         "disqualified_status":false,
         "disqualified_link":null,
         "disqualified_blurb":"",
         "rule_violation_message":"",
         "rule_violation_link":null,
         "created_at":"2021-05-16T18:08:15.685Z",
         "updated_at":"2021-05-16T18:08:15.685Z"
      }
   },
   {
      "model":"backend.candidate",
      "pk":43,
      "fields":{
         "candidate_name":"Colin Creevey (Jack)",
         "election":14,
         "blurb":"Sed malesuada facilisis arcu, blandit molestie odio vulputate sit amet. In porttitor feugiat euismod. Quisque ut metus nulla. Proin non quam ornare, finibus risus sed, malesuada augue. Integer lacinia, magna vel luctus iaculis, urna tortor pretium ipsum, quis convallis est odio sit amet neque. Ut urna nisi, semper in blandit at, consectetur sed lorem. Integer sit amet dignissim nisi, eu accumsan sapien. Nulla accumsan nisi sit amet dolor eleifend porttitor. Nunc et ultrices augue. Nullam cursus turpis non metus fringilla suscipit. Vestibulum vestibulum libero ipsum, ac malesuada est ultrices eget. Phasellus a sem vitae tortor consequat dapibus. Donec ultrices viverra ante, nec feugiat nisi ultrices id. Sed dapibus ornare quam, quis semper massa ultrices at.",
         "preamble":"Sed malesuada facilisis arcu, blandit molestie odio vulputate sit amet. In porttitor feugiat euismod.",
         "disqualified_status":false,
         "disqualified_link":null,
         "disqualified_blurb":"",
         "rule_violation_message":"",
         "rule_violation_link":null,
         "created_at":"2021-05-16T18:08:49.912Z",
         "updated_at":"2021-05-16T18:08:49.912Z"
      }
   },
   {
      "model":"backend.candidate",
      "pk":44,
      "fields":{
         "candidate_name":"Aberforth Dumbledore",
         "election":16,
         "blurb":"Sed malesuada facilisis arcu, blandit molestie odio vulputate sit amet. In porttitor feugiat euismod. Quisque ut metus nulla. Proin non quam ornare, finibus risus sed, malesuada augue. Integer lacinia, magna vel luctus iaculis, urna tortor pretium ipsum, quis convallis est odio sit amet neque. Ut urna nisi, semper in blandit at, consectetur sed lorem. Integer sit amet dignissim nisi, eu accumsan sapien. Nulla accumsan nisi sit amet dolor eleifend porttitor. Nunc et ultrices augue. Nullam cursus turpis non metus fringilla suscipit. Vestibulum vestibulum libero ipsum, ac malesuada est ultrices eget. Phasellus a sem vitae tortor consequat dapibus. Donec ultrices viverra ante, nec feugiat nisi ultrices id. Sed dapibus ornare quam, quis semper massa ultrices at.",
         "preamble":"Sed malesuada facilisis arcu, blandit molestie odio vulputate",
         "disqualified_status":false,
         "disqualified_link":null,
         "disqualified_blurb":"",
         "rule_violation_message":"",
         "rule_violation_link":null,
         "created_at":"2021-05-16T18:11:48.805Z",
         "updated_at":"2021-05-16T18:11:48.805Z"
      }
   },
   {
      "model":"backend.candidate",
      "pk":45,
      "fields":{
         "candidate_name":"Dudley Dursley",
         "election":16,
         "blurb":"Sed malesuada facilisis arcu, blandit molestie odio vulputate sit amet. In porttitor feugiat euismod. Quisque ut metus nulla. Proin non quam ornare, finibus risus sed, malesuada augue. Integer lacinia, magna vel luctus iaculis, urna tortor pretium ipsum, quis convallis est odio sit amet neque. Ut urna nisi, semper in blandit at, consectetur sed lorem. Integer sit amet dignissim nisi, eu accumsan sapien. Nulla accumsan nisi sit amet dolor eleifend porttitor. Nunc et ultrices augue. Nullam cursus turpis non metus fringilla suscipit. Vestibulum vestibulum libero ipsum, ac malesuada est ultrices eget. Phasellus a sem vitae tortor consequat dapibus. Donec ultrices viverra ante, nec feugiat nisi ultrices id. Sed dapibus ornare quam, quis semper massa ultrices at.",
         "preamble":"Sed malesuada facilisis arcu, blandit molestie odio vulputate sit amet. In porttitor feugiat euismod. Quisque ut m",
         "disqualified_status":false,
         "disqualified_link":null,
         "disqualified_blurb":"",
         "rule_violation_message":"",
         "rule_violation_link":null,
         "created_at":"2021-05-16T18:12:11.294Z",
         "updated_at":"2021-05-16T18:12:11.294Z"
      }
   },
   {
      "model":"backend.candidate",
      "pk":46,
      "fields":{
         "candidate_name":"Anthony Goldstein",
         "election":17,
         "blurb":"Ut a rhoncus diam, in congue magna. Curabitur elementum cursus nulla, eget semper orci. Sed ut venenatis enim, non lacinia erat. Nullam id purus enim. Ut commodo arcu ut ex feugiat pretium. Pellentesque ut volutpat nisl. Nullam mattis nisl sapien, non malesuada risus volutpat in. Fusce sit amet neque nisi. Nunc malesuada sem a maximus suscipit. Aliquam scelerisque risus nec euismod accumsan. Aenean auctor, erat vitae maximus ultrices, velit nulla mollis lectus, sed consequat arcu arcu ac urna. Quisque lacinia pulvinar nunc eu tincidunt. Nam semper maximus lacus vitae dapibus. Nulla quam tortor, luctus at nulla at, ullamcorper rhoncus velit.",
         "preamble":"Ut a rhoncus diam, in congu",
         "disqualified_status":false,
         "disqualified_link":null,
         "disqualified_blurb":"",
         "rule_violation_message":"",
         "rule_violation_link":null,
         "created_at":"2021-05-16T18:12:50.600Z",
         "updated_at":"2021-05-16T18:12:50.601Z"
      }
   },
   {
      "model":"backend.candidate",
      "pk":47,
      "fields":{
         "candidate_name":"Hermione Granger",
         "election":17,
         "blurb":"Ut volutpat sagittis leo, id bibendum dui egestas id. Praesent posuere commodo urna. Nullam euismod laoreet neque mattis porta. Integer tempor ultricies mi. Quisque et semper lectus. Ut a ligula dolor. Pellentesque consequat nisi tortor, non semper leo accumsan vitae. Fusce pretium nulla vel cursus hendrerit. Suspendisse congue auctor orci at posuere. Aenean nec risus gravida, consectetur diam a, suscipit lorem. Curabitur dapibus nulla sit amet quam pellentesque, non tincidunt lectus efficitur. Duis ac urna velit. Quisque iaculis, ex vitae venenatis sollicitudin, ligula tortor tincidunt leo, vel blandit sapien erat ac erat.",
         "preamble":"Ut volutpat sagittis leo, id biben",
         "disqualified_status":false,
         "disqualified_link":null,
         "disqualified_blurb":"",
         "rule_violation_message":"",
         "rule_violation_link":null,
         "created_at":"2021-05-16T18:13:05.912Z",
         "updated_at":"2021-05-16T18:13:05.912Z"
      }
   },
   {
      "model":"backend.eligibility",
      "pk":2,
      "fields":{
         "election":2,
         "eng_eligible":true,
         "che_eligible":true,
         "civ_eligible":true,
         "ele_eligible":true,
         "cpe_eligible":true,
         "esc_eligible":true,
         "ind_eligible":true,
         "lme_eligible":true,
         "mec_eligible":true,
         "mms_eligible":true,
         "first_year_eligible":true,
         "second_year_eligible":true,
         "third_year_eligible":true,
         "fourth_year_eligible":true,
         "pey_eligible":true,
         "status_eligible":"full_and_part_time",
         "created_at":"2021-05-16T15:54:34.491Z",
         "updated_at":"2021-05-16T15:54:34.491Z"
      }
   },
   {
      "model":"backend.eligibility",
      "pk":3,
      "fields":{
         "election":3,
         "eng_eligible":true,
         "che_eligible":true,
         "civ_eligible":true,
         "ele_eligible":true,
         "cpe_eligible":true,
         "esc_eligible":true,
         "ind_eligible":true,
         "lme_eligible":true,
         "mec_eligible":true,
         "mms_eligible":true,
         "first_year_eligible":true,
         "second_year_eligible":true,
         "third_year_eligible":true,
         "fourth_year_eligible":true,
         "pey_eligible":true,
         "status_eligible":"full_and_part_time",
         "created_at":"2021-05-16T15:54:50.314Z",
         "updated_at":"2021-05-16T15:54:50.314Z"
      }
   },
   {
      "model":"backend.eligibility",
      "pk":4,
      "fields":{
         "election":4,
         "eng_eligible":true,
         "che_eligible":true,
         "civ_eligible":true,
         "ele_eligible":true,
         "cpe_eligible":true,
         "esc_eligible":true,
         "ind_eligible":true,
         "lme_eligible":true,
         "mec_eligible":true,
         "mms_eligible":true,
         "first_year_eligible":true,
         "second_year_eligible":true,
         "third_year_eligible":true,
         "fourth_year_eligible":true,
         "pey_eligible":true,
         "status_eligible":"full_and_part_time",
         "created_at":"2021-05-16T15:55:07.741Z",
         "updated_at":"2021-05-16T15:55:07.741Z"
      }
   },
   {
      "model":"backend.eligibility",
      "pk":5,
      "fields":{
         "election":5,
         "eng_eligible":true,
         "che_eligible":true,
         "civ_eligible":true,
         "ele_eligible":true,
         "cpe_eligible":true,
         "esc_eligible":true,
         "ind_eligible":true,
         "lme_eligible":true,
         "mec_eligible":true,
         "mms_eligible":true,
         "first_year_eligible":true,
         "second_year_eligible":true,
         "third_year_eligible":true,
         "fourth_year_eligible":true,
         "pey_eligible":true,
         "status_eligible":"full_and_part_time",
         "created_at":"2021-05-16T15:55:25.495Z",
         "updated_at":"2021-05-16T15:55:25.495Z"
      }
   },
   {
      "model":"backend.eligibility",
      "pk":6,
      "fields":{
         "election":6,
         "eng_eligible":false,
         "che_eligible":false,
         "civ_eligible":false,
         "ele_eligible":false,
         "cpe_eligible":false,
         "esc_eligible":true,
         "ind_eligible":false,
         "lme_eligible":false,
         "mec_eligible":false,
         "mms_eligible":false,
         "first_year_eligible":true,
         "second_year_eligible":true,
         "third_year_eligible":true,
         "fourth_year_eligible":true,
         "pey_eligible":true,
         "status_eligible":"full_and_part_time",
         "created_at":"2021-05-16T15:55:37.871Z",
         "updated_at":"2021-05-16T15:55:37.872Z"
      }
   },
   {
      "model":"backend.eligibility",
      "pk":7,
      "fields":{
         "election":7,
         "eng_eligible":true,
         "che_eligible":true,
         "civ_eligible":true,
         "ele_eligible":true,
         "cpe_eligible":true,
         "esc_eligible":true,
         "ind_eligible":true,
         "lme_eligible":true,
         "mec_eligible":true,
         "mms_eligible":true,
         "first_year_eligible":true,
         "second_year_eligible":true,
         "third_year_eligible":true,
         "fourth_year_eligible":true,
         "pey_eligible":false,
         "status_eligible":"part_time",
         "created_at":"2021-05-16T15:56:21.171Z",
         "updated_at":"2021-05-16T15:56:21.171Z"
      }
   },
   {
      "model":"backend.eligibility",
      "pk":8,
      "fields":{
         "election":8,
         "eng_eligible":false,
         "che_eligible":false,
         "civ_eligible":false,
         "ele_eligible":false,
         "cpe_eligible":false,
         "esc_eligible":false,
         "ind_eligible":false,
         "lme_eligible":true,
         "mec_eligible":false,
         "mms_eligible":false,
         "first_year_eligible":true,
         "second_year_eligible":true,
         "third_year_eligible":true,
         "fourth_year_eligible":true,
         "pey_eligible":true,
         "status_eligible":"full_and_part_time",
         "created_at":"2021-05-16T15:56:31.960Z",
         "updated_at":"2021-05-16T15:56:31.960Z"
      }
   },
   {
      "model":"backend.eligibility",
      "pk":9,
      "fields":{
         "election":9,
         "eng_eligible":true,
         "che_eligible":true,
         "civ_eligible":true,
         "ele_eligible":true,
         "cpe_eligible":true,
         "esc_eligible":true,
         "ind_eligible":true,
         "lme_eligible":true,
         "mec_eligible":true,
         "mms_eligible":true,
         "first_year_eligible":true,
         "second_year_eligible":true,
         "third_year_eligible":true,
         "fourth_year_eligible":true,
         "pey_eligible":true,
         "status_eligible":"full_and_part_time",
         "created_at":"2021-05-16T15:56:46.745Z",
         "updated_at":"2021-05-16T15:56:46.745Z"
      }
   },
   {
      "model":"backend.eligibility",
      "pk":10,
      "fields":{
         "election":10,
         "eng_eligible":false,
         "che_eligible":false,
         "civ_eligible":false,
         "ele_eligible":false,
         "cpe_eligible":false,
         "esc_eligible":true,
         "ind_eligible":false,
         "lme_eligible":false,
         "mec_eligible":false,
         "mms_eligible":false,
         "first_year_eligible":false,
         "second_year_eligible":false,
         "third_year_eligible":true,
         "fourth_year_eligible":false,
         "pey_eligible":false,
         "status_eligible":"full_and_part_time",
         "created_at":"2021-05-16T15:56:56.002Z",
         "updated_at":"2021-05-16T15:56:56.002Z"
      }
   },
   {
      "model":"backend.eligibility",
      "pk":11,
      "fields":{
         "election":11,
         "eng_eligible":false,
         "che_eligible":false,
         "civ_eligible":false,
         "ele_eligible":true,
         "cpe_eligible":false,
         "esc_eligible":false,
         "ind_eligible":false,
         "lme_eligible":false,
         "mec_eligible":false,
         "mms_eligible":false,
         "first_year_eligible":false,
         "second_year_eligible":true,
         "third_year_eligible":false,
         "fourth_year_eligible":false,
         "pey_eligible":false,
         "status_eligible":"full_and_part_time",
         "created_at":"2021-05-16T15:57:05.979Z",
         "updated_at":"2021-05-16T15:57:05.979Z"
      }
   },
   {
      "model":"backend.eligibility",
      "pk":12,
      "fields":{
         "election":12,
         "eng_eligible":true,
         "che_eligible":false,
         "civ_eligible":false,
         "ele_eligible":false,
         "cpe_eligible":false,
         "esc_eligible":false,
         "ind_eligible":false,
         "lme_eligible":false,
         "mec_eligible":false,
         "mms_eligible":false,
         "first_year_eligible":true,
         "second_year_eligible":false,
         "third_year_eligible":false,
         "fourth_year_eligible":false,
         "pey_eligible":false,
         "status_eligible":"full_and_part_time",
         "created_at":"2021-05-16T15:57:14.736Z",
         "updated_at":"2021-05-16T15:57:14.736Z"
      }
   },
   {
      "model":"backend.eligibility",
      "pk":13,
      "fields":{
         "election":13,
         "eng_eligible":false,
         "che_eligible":false,
         "civ_eligible":false,
         "ele_eligible":false,
         "cpe_eligible":false,
         "esc_eligible":false,
         "ind_eligible":false,
         "lme_eligible":false,
         "mec_eligible":true,
         "mms_eligible":false,
         "first_year_eligible":false,
         "second_year_eligible":false,
         "third_year_eligible":false,
         "fourth_year_eligible":true,
         "pey_eligible":false,
         "status_eligible":"full_and_part_time",
         "created_at":"2021-05-16T15:57:24.001Z",
         "updated_at":"2021-05-16T15:57:24.001Z"
      }
   },
   {
      "model":"backend.eligibility",
      "pk":14,
      "fields":{
         "election":14,
         "eng_eligible":false,
         "che_eligible":true,
         "civ_eligible":false,
         "ele_eligible":false,
         "cpe_eligible":false,
         "esc_eligible":false,
         "ind_eligible":false,
         "lme_eligible":false,
         "mec_eligible":false,
         "mms_eligible":false,
         "first_year_eligible":true,
         "second_year_eligible":true,
         "third_year_eligible":true,
         "fourth_year_eligible":true,
         "pey_eligible":true,
         "status_eligible":"full_and_part_time",
         "created_at":"2021-05-16T15:57:37.087Z",
         "updated_at":"2021-05-16T15:57:37.087Z"
      }
   },
   {
      "model":"backend.eligibility",
      "pk":15,
      "fields":{
         "election":15,
         "eng_eligible":false,
         "che_eligible":false,
         "civ_eligible":false,
         "ele_eligible":false,
         "cpe_eligible":false,
         "esc_eligible":false,
         "ind_eligible":true,
         "lme_eligible":false,
         "mec_eligible":false,
         "mms_eligible":false,
         "first_year_eligible":true,
         "second_year_eligible":true,
         "third_year_eligible":true,
         "fourth_year_eligible":true,
         "pey_eligible":true,
         "status_eligible":"full_and_part_time",
         "created_at":"2021-05-16T15:57:49.830Z",
         "updated_at":"2021-05-16T15:57:49.830Z"
      }
   },
   {
      "model":"backend.eligibility",
      "pk":16,
      "fields":{
         "election":16,
         "eng_eligible":false,
         "che_eligible":false,
         "civ_eligible":true,
         "ele_eligible":false,
         "cpe_eligible":false,
         "esc_eligible":false,
         "ind_eligible":false,
         "lme_eligible":false,
         "mec_eligible":false,
         "mms_eligible":false,
         "first_year_eligible":true,
         "second_year_eligible":false,
         "third_year_eligible":false,
         "fourth_year_eligible":false,
         "pey_eligible":false,
         "status_eligible":"full_and_part_time",
         "created_at":"2021-05-16T15:58:24.548Z",
         "updated_at":"2021-05-16T15:58:24.548Z"
      }
   },
   {
      "model":"backend.eligibility",
      "pk":17,
      "fields":{
         "election":17,
         "eng_eligible":false,
         "che_eligible":false,
         "civ_eligible":false,
         "ele_eligible":false,
         "cpe_eligible":true,
         "esc_eligible":false,
         "ind_eligible":false,
         "lme_eligible":false,
         "mec_eligible":false,
         "mms_eligible":false,
         "first_year_eligible":false,
         "second_year_eligible":false,
         "third_year_eligible":false,
         "fourth_year_eligible":false,
         "pey_eligible":true,
         "status_eligible":"full_and_part_time",
         "created_at":"2021-05-16T15:59:13.558Z",
         "updated_at":"2021-05-16T15:59:13.558Z"
      }
   }
]